names,url
Mie Goreng,https://panlasangpinoy.com/mie-goreng/
Batangas Kaldereta,https://panlasangpinoy.com/batangas-kaldereta/
Burger Steak Sardinas,https://panlasangpinoy.com/burger-steak-sardinas/
Kung Pao Chicken Recipe,https://panlasangpinoy.com/kung-pao-chicken-recipe/
Crispy Garlic Fried Chicken Wings,https://panlasangpinoy.com/crispy-garlic-fried-chicken-wings/
Sarciadong Pechay,https://panlasangpinoy.com/sarciadong-pechay/
Calderetang Manok,https://panlasangpinoy.com/calderetang-manok/
Ginisang Repolyo with Egg,https://panlasangpinoy.com/ginisang-repolyo-with-egg/
Chicken Gizzard Ginataan,https://panlasangpinoy.com/chicken-gizzard-ginataan/
Filipino Chicken Adobo Recipe,https://panlasangpinoy.com/filipino-chicken-adobo-recipe/
Pork Kilawin,https://panlasangpinoy.com/pork-kilawin/
Pork Hamonado Recipe,https://panlasangpinoy.com/pork-hamonado/
Braised Pork Belly with Potato and Peppers,https://panlasangpinoy.com/braised-pork-belly-with-potato-and-peppers/
Fried Eggplant (Crispy Fritters),https://panlasangpinoy.com/fried-eggplant-crispy-fritters/
Stir Fry Eggplant Recipe,https://panlasangpinoy.com/stir-fry-eggplant-recipe/
Ham Fried Rice,https://panlasangpinoy.com/ham-fried-rice/
Crispy Pancit Canton Noodles Recipe,https://panlasangpinoy.com/crispy-pancit-canton-noodles-recipe/
Easy Pork Afritada,https://panlasangpinoy.com/easy-pork-afritada/
Siomai (Pork and Shrimp) with Chili Garlic Oil,https://panlasangpinoy.com/siomai-pork-and-shrimp-with-chili-garlic-oil/
Pork Chop Steak,https://panlasangpinoy.com/pork-chop-steak/
Creamy Tofu with Mixed Vegetables,https://panlasangpinoy.com/creamy-tofu-with-mixed-vegetables/
Egg Fried Rice,https://panlasangpinoy.com/egg-fried-rice/
Cheesy Pork Caldereta,https://panlasangpinoy.com/cheesy-pork-caldereta/
Cheesy Lumpia,https://panlasangpinoy.com/cheesy-lumpia/
Lechon Sinigang,https://panlasangpinoy.com/lechon-sinigang/
Crispy Palabok,https://panlasangpinoy.com/crispy-palabok/
Crispy Fried Chicken with Mushroom Gravy,https://panlasangpinoy.com/crispy-fried-chicken-with-mushroom-gravy/
Truffle Mushroom Pasta,https://panlasangpinoy.com/truffle-mushroom-pasta/
Pork Belly with Boiled Eggs in Oyster Sauce,https://panlasangpinoy.com/pork-belly-with-boiled-eggs-in-oyster-sauce/
Crispy Tofu Fried Chicken with Gravy,https://panlasangpinoy.com/tofu-fried-chicken/
Filipino Spaghetti Recipe,https://panlasangpinoy.com/filipino-spaghetti-recipe/
Tofu and Broccoli Stir fry,https://panlasangpinoy.com/tofu-and-broccoli-stir-fry/
Ginisang Puso ng Saging,https://panlasangpinoy.com/ginisang-puso-ng-saging/
Panlasang Pinoy Special Pancit Canton,https://panlasangpinoy.com/panlasang-pinoy-special-pancit-canton/
How to Cook Chicken Adobo Using Boneless Chicken,https://panlasangpinoy.com/how-to-cook-chicken-adobo-using-boneless-chicken/
Easy Chicken Ala King Recipe,https://panlasangpinoy.com/easy-chicken-ala-king-recipe/
Nilagang Pata Recipe,https://panlasangpinoy.com/nilagang-pata-recipe-2/
Crispy Fried Chicken Recipe,https://panlasangpinoy.com/crispy-fried-chicken-recipe/
Beef Empanadas Recipe,https://panlasangpinoy.com/beef-empanadas-recipe/
Laing Fried Rice Recipe,https://panlasangpinoy.com/laing-fried-rice/
Chili Ginger Chicken,https://panlasangpinoy.com/chili-ginger-chicken/
Kangkong and Ground Pork with Oyster Sauce Stir Fry,https://panlasangpinoy.com/kangkong-and-ground-pork-with-oyster-sauce-stir-fry/
One Pot Spaghetti,https://panlasangpinoy.com/one-pot-spaghetti/
Chicken Fried Rice Recipe,https://panlasangpinoy.com/chicken-fried-rice-recipe/
Garlic Mushroom,https://panlasangpinoy.com/garlic-mushroom/
Fish in Coconut Milk with Pineapple (Filipino Fish Stew),https://panlasangpinoy.com/fish-in-coconut-milk-with-pineapple-filipino-fish-stew/
Garlic Tokwa and Kangkong in Oyster Sauce,https://panlasangpinoy.com/garlic-tokwa-and-kangkong-in-oyster-sauce/
Peach Mango Pie (Air Fryer),https://panlasangpinoy.com/peach-mango-pie-air-fryer/
Japanese Curry Recipe (Battleship Curry),https://panlasangpinoy.com/japanese-curry-recipe-battleship-curry/
Sotanghon with Sayote and Giniling,https://panlasangpinoy.com/sotanghon-with-sayote-and-giniling/
Eggplant with Ground Pork in Oyster Sauce,https://panlasangpinoy.com/eggplant-with-ground-pork-in-oyster-sauce/
Chicken Afritada sa Gata,https://panlasangpinoy.com/chicken-afritada-sa-gata/
Easy Pata Tim (Ham Hock Recipe),https://panlasangpinoy.com/easy-pata-tim-ham-hock-recipe/
Monggo Pinakbet,https://panlasangpinoy.com/monggo-pinakbet/
Fried Chicken Potato Salad Recipe,https://panlasangpinoy.com/fried-chicken-potato-salad-recipe/
Seafood Lomi Noodles Recipe,https://panlasangpinoy.com/seafood-lomi-noodles-recipe/
Oven BBQ Spare Ribs,https://panlasangpinoy.com/oven-baked-broiled-barbeque-spare-ribs-sauce-recipe/
Creamy Macaroni Soup (ala Jollibee),https://panlasangpinoy.com/creamy-macaroni-soup-ala-jollibee/
Pinoy Breakfast Omelet and Bacon Garlic Fried Rice,https://panlasangpinoy.com/pinoy-breakfast-omelet-and-bacon-garlic-fried-rice/
Tofu Balls with Miswa and Patola Recipe,https://panlasangpinoy.com/tofu-balls-with-miswa-and-patola-recipe/
Pork Binagoongan sa Gata,https://panlasangpinoy.com/pork-binagoongan-sa-gata/
Suam na Mais,https://panlasangpinoy.com/suam-na-mais/
Pinoy Carbonara with Ham and Bacon,https://panlasangpinoy.com/pinoy-carbonara-with-ham-and-bacon/
Creamy Beef with Mushroom,https://panlasangpinoy.com/creamy-beef-with-mushroom/
Creamy Sipo Egg with Chicken Gizzard,https://panlasangpinoy.com/creamy-sipo-egg-with-chicken-gizzard/
Pepper Pork Belly,https://panlasangpinoy.com/pepper-pork-belly/
Veggie Balls with Manong Sauce,https://panlasangpinoy.com/veggie-balls-with-manong-sauce/
Crab and Corn Chopsuey,https://panlasangpinoy.com/crab-and-corn-chopsuey/
Pork Belly Asado,https://panlasangpinoy.com/pork-belly-asado/
Cheese Pimiento Sandwich Recipe,https://panlasangpinoy.com/cheese-pimiento-sandwich-recipe/
Amazing Cabbage Recipe,https://panlasangpinoy.com/amazing-cabbage-recipe/
Kakaibang Chicken Adobo,https://panlasangpinoy.com/kakaibang-chicken-adobo/
Upo Recipes (Bottle Gourd),https://panlasangpinoy.com/upo-recipes-bottle-gourd/
Better Beef Nilaga,https://panlasangpinoy.com/better-beef-nilaga/
How to Cook Sinigang na Bangus,https://panlasangpinoy.com/how-to-cook-sinigang-na-bangus/
Kare Kare Buntot ng Baka,https://panlasangpinoy.com/kare-kare-buntot-ng-baka/
Nutritious Ulam Idea,https://panlasangpinoy.com/nutritious-ulam-idea/
Tofu Vegetable Stir Fry,https://panlasangpinoy.com/tofu-vegetable-stir-fry/
Relyenong Talong with Tuna,https://panlasangpinoy.com/relyenong-talong-with-tuna/
Special Lunch Menu,https://panlasangpinoy.com/special-lunch-menu/
Crispy Cabbage Rolls,https://panlasangpinoy.com/crispy-cabbage-rolls/
Butter Garlic Whole Fried Chicken,https://panlasangpinoy.com/butter-garlic-whole-fried-chicken/
Kinamatisang Manok,https://panlasangpinoy.com/kinamatisang-manok/
Fish Sinigang Recipe,https://panlasangpinoy.com/fish-sinigang-recipe/
Ginataang Sitaw at Kalabasa with Fried Tilapia,https://panlasangpinoy.com/ginataang-sitaw-at-kalabasa-with-fried-tilapia/
Pork Monggo with Crispy Galunggong,https://panlasangpinoy.com/pork-monggo-with-crispy-galunggong/
Sinarsahang Pork Ribs,https://panlasangpinoy.com/pork-ribs/
How to Cook Sotanghon Guisado,https://panlasangpinoy.com/how-to-cook-sotanghon-guisado/
Balbacua Recipe,https://panlasangpinoy.com/balbacua-recipe/
Ginataang Mais at Malagkit (Sweet Corn and Glutinous Rice Porridge),https://panlasangpinoy.com/ginataang-mais-at-malagkit-sweet-corn/
Tastylicious Adobong Pusit Recipe,https://panlasangpinoy.com/tastylicious-adobong-pusit-recipe/
Tornado Franks,https://panlasangpinoy.com/tornado-franks/
Stir Fried Chicken Franks,https://panlasangpinoy.com/stir-fried-chicken-franks/
Asian Chicken Lettuce Wrap,https://panlasangpinoy.com/asian-chicken-lettuce-wrap/
No Bake Macaroni,https://panlasangpinoy.com/no-bake-macaroni/
Loco Moco Recipe,https://panlasangpinoy.com/loco-moco-recipe/
Loaded Nachos with Corned Beef,https://panlasangpinoy.com/loaded-nachos-with-corned-beef/
Longganisa Pasta Recipe,https://panlasangpinoy.com/longganisa-pasta-recipe/
Filipino Chicken Pasta Alfredo,https://panlasangpinoy.com/filipino-chicken-pasta-alfredo/
Pinoy Buger Steak With Gravy,https://panlasangpinoy.com/pinoy-burger-steak/
Air Fryer Longganisa Frittata Recipe,https://panlasangpinoy.com/air-fryer-longganisa-frittata-recipe/
Pineapple Fried Rice,https://panlasangpinoy.com/pineapple-fried-rice/
Ham Katsu,https://panlasangpinoy.com/ham-katsu/
Cheesy Ham Steak With Bacon and Mushrooms,https://panlasangpinoy.com/cheesy-ham-steak-with-bacon-and-mushrooms/
Hawaiian Pizza (No Bake),https://panlasangpinoy.com/hawaiian-pizza-no-bake/
Crispy Katsu Sando,https://panlasangpinoy.com/crispy-katsu-sando/
Orange Crispy Burger,https://panlasangpinoy.com/orange-crispy-burger/
Corned Beef Saute,https://panlasangpinoy.com/corned-beef-saute/
Breakfast Burrito,https://panlasangpinoy.com/breakfast-burrito/
Cheesy Corned Beef Balls,https://panlasangpinoy.com/cheesy-corned-beef-balls/
Tocino Fried Rice Recipe,https://panlasangpinoy.com/tocino-fried-rice-recipe/
Luncheon Meat Caldereta,https://panlasangpinoy.com/luncheon-meat-caldereta/
One Pan Sandwich,https://panlasangpinoy.com/one-pan-sandwich/
Bacon Stuffed Pancake,https://panlasangpinoy.com/bacon-stuffed-pancake/
Easy Sisig Recipes,https://panlasangpinoy.com/easy-sisig-recipes/
Not Your Ordinary Chicken Adobo,https://panlasangpinoy.com/not-your-ordinary-chicken-adobo/
The Only Filipino Spaghetti Recipe That I Trust for the Holidays,https://panlasangpinoy.com/the-only-filipino-spaghetti-recipe-that-i-trust-for-the-holidays/
Crispy Pata Kare Kare,https://panlasangpinoy.com/crispy-pata-kare-kare/
Embutido Cordon Bleu,https://panlasangpinoy.com/embutido-cordon-bleu/
Lasagna Roll Ups,https://panlasangpinoy.com/lasagna-roll-ups/
Crispy Pata Dinakdakan,https://panlasangpinoy.com/crispy-pata-dinakdakan/
Christmas Chicken Curry,https://panlasangpinoy.com/christmas-chicken-curry/
Ham and Chicken Macaroni Salad,https://panlasangpinoy.com/ham-and-chicken-macaroni-salad/
Fried Chicken with Mayo Garlic Glaze,https://panlasangpinoy.com/fried-chicken-with-mayo-garlic-glaze/
Killer Crispy Sinigang,https://panlasangpinoy.com/killer-crispy-sinigang/
Creamy Chicken Pasta with Bacon,https://panlasangpinoy.com/creamy-chicken-pasta-with-bacon/
All Out Pancit Canton,https://panlasangpinoy.com/all-out-pancit-canton/
Crispy Lechon Belly with Bacon,https://panlasangpinoy.com/crispy-lechon-belly-with-bacon/
Sisig Paella,https://panlasangpinoy.com/sisig-paella/
Festive Tuna Carbonara,https://panlasangpinoy.com/festive-tuna-carbonara/
Garlic Pepper Beef,https://panlasangpinoy.com/garlic-pepper-beef/
Quick and Easy Pan Fried Pork Chops,https://panlasangpinoy.com/quick-and-easy-pan-fried-pork-chops/
Seafood Boil Recipe,https://panlasangpinoy.com/seafood-boil-recipe/
Easy Seafood Paella,https://panlasangpinoy.com/easy-seafood-paella/
Pinoy Chicken Sopas,https://panlasangpinoy.com/pinoy-chicken-sopas/
KFC Style Popcorn Chicken with Gravy,https://panlasangpinoy.com/kfc-style-popcorn-chicken-with-gravy/
Idol Cheesedog Bites and Bread Roll,https://panlasangpinoy.com/idol-cheesedog-bites-and-bread-roll/
Perfect Chicken Adobo on a Budget,https://panlasangpinoy.com/perfect-chicken-adobo-on-a-budget/
Creamy Mushroom Chicken,https://panlasangpinoy.com/creamy-mushroom-chicken/
Cassava Cake Recipe Creamy and Cheesy Version,https://panlasangpinoy.com/cassava-cake-recipe-creamy-and-cheesy-version/
Filipino style Beef steak,https://panlasangpinoy.com/filipino-style-beef-steak/
Chicken Mechado,https://panlasangpinoy.com/chicken-mechado/
Igado Recipe,https://panlasangpinoy.com/ilocano-pork-igado-recipe/
Lemon Garlic Shrimp Pasta,https://panlasangpinoy.com/lemon-garlic-shrimp-pasta/
Chicken Katsu Curry,https://panlasangpinoy.com/chicken-katsu-curry/
Chicken Empanada,https://panlasangpinoy.com/filipino-cuban-spanish-food-chicken-empanada-picadillo-recipe/
Sinigang,https://panlasangpinoy.com/pork-sinigang-na-baboy-recipe/
Pork Adobo,https://panlasangpinoy.com/filipino-food-pork-adobo-recipe/
Pork Afritada Recipe,https://panlasangpinoy.com/pork-afritada-recipe/
Pinoy Chicken Curry Recipe,https://panlasangpinoy.com/chicken-curry-pinoy-style/
Tokwat Baboy Recipe,https://panlasangpinoy.com/filipino-foodpork-fried-tofu-tokwat-baboy-recipe/
Betamax Recipe,https://panlasangpinoy.com/betamax-recipe/
Filipino Style Escabeche,https://panlasangpinoy.com/filipino-style-escabeche/
Baked Garlic Salmon and Easy Tofu Sisig,https://panlasangpinoy.com/baked-garlic-salmon-and-easy-tofu-sisig/
Pork and Chicken Sinigang,https://panlasangpinoy.com/pork-and-chicken-sinigang/
Bopis Recipe,https://panlasangpinoy.com/bopis-pulutan-recipe/
Malapot na Pininyahang Manok,https://panlasangpinoy.com/malapot-na-pininyahang-manok/
Easy Kilawing Kambing,https://panlasangpinoy.com/easy-kilawing-kambing/
Chicken Gising-gising,https://panlasangpinoy.com/chicken-gising-gising/
Bagnet Pancit Canton,https://panlasangpinoy.com/bagnet-pancit-canton/
Utan nga Langka,https://panlasangpinoy.com/utan-nga-langka/
Pork Giniling with Oyster Sauce,https://panlasangpinoy.com/pork-giniling-with-oyster-sauce/
Chicken Gizzard Bicol Express,https://panlasangpinoy.com/chicken-gizzard-bicol-express/
Tapa and Egg Fried Rice,https://panlasangpinoy.com/tapa-and-egg-fried-rice/
Chicken Sandwich,https://panlasangpinoy.com/chicken-sandwich/
23 Easy Filipino Vegetable Recipes,https://panlasangpinoy.com/23-easy-filipino-vegetable-recipes/
Chili Garlic Oil Recipe,https://panlasangpinoy.com/chili-garlic-oil-recipe/
Filipino Style Pork and Chicken Barbecue,https://panlasangpinoy.com/filipino-style-pork-and-chicken-barbecue/
Macaroni Salad,https://panlasangpinoy.com/macaroni-salad-easy-recipe/
Inihaw na Liempo at Pusit,https://panlasangpinoy.com/inihaw-na-liempo-at-pusit/
Cheeseburger and Hotdog Sandwich Recipe,https://panlasangpinoy.com/cheeseburger-and-hotdog-sandwich-recipe/
Spicy Eggplant Stir Fry,https://panlasangpinoy.com/spicy-eggplant-stir-fry/
Lengua Kare Kare,https://panlasangpinoy.com/lengua-kare-kare/
Grilled Cheese Sandwich and Homemade Chicken Tenders Recipe,https://panlasangpinoy.com/grilled-cheese-sandwich-and-homemade-chicken-tenders-recipe/
Estofado (Probinsya Style)￼,https://panlasangpinoy.com/estofado-probinsya-style%ef%bf%bc/
How to Cook Steak on Stove with Mashed Potato and Gravy,https://panlasangpinoy.com/how-to-cook-steak-on-stove-with-mashed-potato-and-gravy/
Chili Garlic Crab and Shrimp,https://panlasangpinoy.com/chili-garlic-crab-and-shrimp/
Pork Picadillo,https://panlasangpinoy.com/pork-picadillo/
￼Beef Broccoli Recipe with Carrots,https://panlasangpinoy.com/%ef%bf%bcbeef-broccoli-recipe-with-carrots/
Pork Curry Tinola,https://panlasangpinoy.com/pork-curry-tinola/
Pinakamasarap na Pork Adobo,https://panlasangpinoy.com/pinakamasarap-na-pork-adobo/
Healthy Ginataang Gulay with Tofu and Shrimp,https://panlasangpinoy.com/healthy-ginataang-gulay-with-tofu-and-shrimp/
How to Cook Paksiw na Pata,https://panlasangpinoy.com/how-to-cook-paksiw-na-pata/
Ginataang Monggo with Tofu and Malunggay,https://panlasangpinoy.com/ginataang-monggo-with-tofu-and-malunggay/
How to Cook Chicken Sotanghon Tinola,https://panlasangpinoy.com/how-to-cook-chicken-sotanghon-tinola/
Ginataang Hipon Sitaw at Kalabasa,https://panlasangpinoy.com/ginataang-hipon-sitaw-at-kalabasa/
Sushi Bake Recipe,https://panlasangpinoy.com/sushi-bake-recipe/
Chicknigang Recipe,https://panlasangpinoy.com/chicknigang-recipe/
Tochong Bangus Recipe,https://panlasangpinoy.com/tochong-bangus-recipe/
Arroz Caldo Recipe,https://panlasangpinoy.com/arroz-caldo/
Pinapaitan sa Ampalaya,https://panlasangpinoy.com/pinapaitan-sa-ampalaya/
Crispy Bagnet,https://panlasangpinoy.com/crispy-bagnet/
Homemade Lechon Paksiw Sauce,https://panlasangpinoy.com/homemade-lechon-paksiw-sauce/
Coconut Shrimp,https://panlasangpinoy.com/coconut-shrimp/
Creamy Pasta Carbonara,https://panlasangpinoy.com/creamy-pasta-carbonara/
Improved KFC Fried Chicken Recipe,https://panlasangpinoy.com/improved-kfc-fried-chicken-recipe/
Hardinera (Jardinera) Recipe,https://panlasangpinoy.com/hardinera/
Beef Caldereta Recipe,https://panlasangpinoy.com/beef-caldereta-recipe/
Sizzling Tofu Sisig,https://panlasangpinoy.com/sizzling-tofu-sisig/
Creamy Macaroni Salad,https://panlasangpinoy.com/creamy-macaroni-salad/
Pan Fried Noodles with Beef and Veggies,https://panlasangpinoy.com/pan-fried-noodles-with-beef-and-veggies/
Callos Recipe,https://panlasangpinoy.com/ox-tripe-stew-callos-recipe/
Beef Stroganoff Lasagna,https://panlasangpinoy.com/beef-stroganoff-lasagna/
Garlic Butter Shrimp Pancit Canton,https://panlasangpinoy.com/garlic-butter-shrimp-pancit-canton/
Porknigang (Sinigang na Baboy Ribs),https://panlasangpinoy.com/porknigang-sinigang-na-baboy-ribs/
Bulalo Recipe,https://panlasangpinoy.com/bulalo-stewed-beef-shank/
Beef Pares Lomi,https://panlasangpinoy.com/beef-pares-lomi/
Crispy Mini Lechon Belly Roll,https://panlasangpinoy.com/crispy-mini-lechon-belly-roll/
Pancit Palabok Recipe,https://panlasangpinoy.com/asian-filipino-food-noodles-pansit-pancit-palabok-recipe/
Kakaibang Tokwat Baboy,https://panlasangpinoy.com/kakaibang-tokwat-baboy/
Kalderetang Kambing (Goat Stew),https://panlasangpinoy.com/stew-goat-meat-kalderetang-kambing-recipe/
Bam-I Recipe (Pancit Bisaya),https://panlasangpinoy.com/bam-i-cebuano-pansit-recipe/
How to Make Macaroni Salad for the Holidays,https://panlasangpinoy.com/how-to-make-macaroni-salad-for-the-holidays/
Creamy Baked Salmon,https://panlasangpinoy.com/creamy-baked-salmon/
Baked Spaghetti,https://panlasangpinoy.com/baked-spaghetti/
Beef Mechado Recipe,https://panlasangpinoy.com/filipino-pinoy-food-tomato-sauce-beef-mechado-recipe/
Ginisang Ampalaya (Sauteed Bitter Melon),https://panlasangpinoy.com/healthy-bitter-melon-ginisang-ampalaya-recipe/
Bibingka Recipe,https://panlasangpinoy.com/rice-cake-bibingka-recipe/
Pininyahang Baboy sa Gata Recipe (Pineapple Pork with Coconut Milk),https://panlasangpinoy.com/pininyahang-baboy-sa-gata-recipe-pineapple-pork-with-coconut-milk/
Original Buffalo Chicken Wings,https://panlasangpinoy.com/original-buffalo-chicken-wings/
Vegetable Okoy,https://panlasangpinoy.com/vegetable-okoy/
Cheesy Onion Rings,https://panlasangpinoy.com/cheesy-onion-rings/
Garlic Roast Chicken,https://panlasangpinoy.com/garlic-roast-chicken/
Crispy Ulo and Lechon Sauce,https://panlasangpinoy.com/crispy-ulo-and-lechon-sauce/
Masarsang Menudo Recipe,https://panlasangpinoy.com/masarsang-menudo-recipe/
Tortilla Espanola Recipe (Spanish Potato Omelet),https://panlasangpinoy.com/tortilla-espanola-potato-omelet-recipe/
Almondigas Recipe,https://panlasangpinoy.com/almondigas-misua-patola-recipe/
Crispy Garlic Bangus and Cream of Pumpkin Soup,https://panlasangpinoy.com/crispy-garlic-bangus-and-cream-of-pumpkin-soup/
Ginisang Sigarilyas Recipe,https://panlasangpinoy.com/ginisang-sigarilyas-recipe/
Shrimp Bisque and Clubhouse Sandwich,https://panlasangpinoy.com/shrimp-bisque-and-clubhouse-sandwich/
Grilled Liempo with Barbecue Sauce,https://panlasangpinoy.com/grilled-liempo-with-barbecue-sauce/
Beef Salpicao,https://panlasangpinoy.com/easy-beef-salpicao-recipe/
Patotin,https://panlasangpinoy.com/patotin/
Pancit Chami,https://panlasangpinoy.com/pancit-chami/
Sinarsahang Manok,https://panlasangpinoy.com/sinarsahang-manok/
Chopsuey with Chicken and Broccoli,https://panlasangpinoy.com/chopsuey-with-chicken-and-broccoli/
No Oven Baked Macaroni (Filipino Style),https://panlasangpinoy.com/no-oven-baked-macaroni-filipino-style/
Pata Estofado,https://panlasangpinoy.com/pata-estofado/
Killer Pork Sinigang,https://panlasangpinoy.com/killer-pork-sinigang/
Pork Chao Fan,https://panlasangpinoy.com/pork-chao-fan/
Baked Macaroni Recipe,https://panlasangpinoy.com/how-to-make-pasta-cheese-baked-macaroni-recipe/
Ketchup Fried Chicken,https://panlasangpinoy.com/ketchup-fried-chicken/
How to Cook Dinuguan Using Sinigang Mix,https://panlasangpinoy.com/how-to-cook-dinuguan-using-sinigang-mix/
Laswa Recipe,https://panlasangpinoy.com/laswa-recipe/
Chicken Barbecue,https://panlasangpinoy.com/chicken-barbecue-recipe/
Java Rice with Pork Chop,https://panlasangpinoy.com/java-rice-with-pork-chop/
Father’s Day Chicken Macaroni Salad,https://panlasangpinoy.com/fathers-day-chicken-macaroni-salad/
Tortang Talong Recipe,https://panlasangpinoy.com/filipino-vegetable-food-eggplant-omelet-tortang-talong-recipe/
Binagoongan Bagnet with Talong,https://panlasangpinoy.com/binagoongang-talong-with-lechon-kawali/
Ginisang Munggo (Monggo),https://panlasangpinoy.com/ginisang-munggo-sauteed-mung-beans/
Nagmamantikang Pork Adobo,https://panlasangpinoy.com/nagmamantikang-pork-adobo/
Banana Bread Recipe,https://panlasangpinoy.com/moist-banana-bread-recipe/
Pancit Bihon with Lechon Kawali,https://panlasangpinoy.com/pancit-bihon-with-lechon-kawali/
Pinaputok na Tilapia Recipe,https://panlasangpinoy.com/pinaputok-na-tilapia-recipe/
Pinangat na Galunggong sa Kamias,https://panlasangpinoy.com/pinangat-na-galunggong-sa-kamias/
Binagoongang Talong,https://panlasangpinoy.com/binagoongang-talong/
Air Fryer Crispy Pata,https://panlasangpinoy.com/air-fryer-crispy-pata/
Siopao Asado Recipe,https://panlasangpinoy.com/how-to-make-home-made-siopao-asado-recipe/
Pork Menudo Recipe,https://panlasangpinoy.com/pork-menudo-recipe/
Pork Caldereta Recipe,https://panlasangpinoy.com/pork-caldereta/
Bicol Express Gising-gising Recipe,https://panlasangpinoy.com/bicol-express-gising-gising-recipe/
How to Cook Longsilog,https://panlasangpinoy.com/how-to-cook-longsilog/
Nilagang Baka Recipe,https://panlasangpinoy.com/nilagang-baka-recipe/
Chicken Afritada Recipe,https://panlasangpinoy.com/chicken-afritada-recipe/
Easy Utan Bisaya (Law-Uy),https://panlasangpinoy.com/easy-utan-bisaya-law-uy/
Chicken Paksiw Recipe,https://panlasangpinoy.com/chicken-paksiw-recipe/
Chicken Igado,https://panlasangpinoy.com/chicken-igado/
Biko Recipe,https://panlasangpinoy.com/filipino-asian-food-dessert-rice-cake-biko-recipe/
Pork Steak Recipe (How to Cook Pork Chop Steak),https://panlasangpinoy.com/pork-steak-recip/
Crispy Kare-kare Recipe,https://panlasangpinoy.com/crispy-kare-kare-recipe/
Halabos na Hipon with Butter,https://panlasangpinoy.com/halabos-na-hipon-with-butter/
Ginataang Kalabasa at Sitaw,https://panlasangpinoy.com/ginataang-kalabasa-at-sitaw/
Chicken Macaroni Salad Recipe,https://panlasangpinoy.com/filipino-chicken-macaroni-salad-recipe/
Ube Halaya with Cheese,https://panlasangpinoy.com/ube-halaya-with-cheese-recipe/
Sinigang Mix Inasal na Manok,https://panlasangpinoy.com/sinigang-mix-inasal-na-manok/
Pork Katsu Curry,https://panlasangpinoy.com/pork-katsu-curry/
Ginataang Talong with Malunggay and Tofu,https://panlasangpinoy.com/ginataang-talong-with-malunggay-and-tofu/
Bicol Express Recipe,https://panlasangpinoy.com/bicol-express/
Chicken Gravy,https://panlasangpinoy.com/chicken-gravy/
Crispy Pork Belly Chips,https://panlasangpinoy.com/crispy-pork-belly-chips/
Chop Suey,https://panlasangpinoy.com/chop-suey/
Leche Flan Recipe,https://panlasangpinoy.com/leche-flan/
Pata Tim Recipe,https://panlasangpinoy.com/pata-tim-recipe/
Chicken Binagoongan Recipe,https://panlasangpinoy.com/chicken-binagoongan-recipe/
Pork Dinuguan Isaw at Tenga,https://panlasangpinoy.com/pork-dinuguan-isaw-at-tenga/
Adobo Fried Rice,https://panlasangpinoy.com/adobo-fried-rice/
Adobong Kangkong Recipe,https://panlasangpinoy.com/adobong-kangkong/
Ginisang Labanos Recipe,https://panlasangpinoy.com/ginisang-labanos-recipe/
Sizzling Pusit,https://panlasangpinoy.com/sizzling-pusit/
Pinakbet Tagalog,https://panlasangpinoy.com/pinakbet-tagalog-recipe-knr-sc/
Air Fried Fish Sinigang sa Miso,https://panlasangpinoy.com/air-fried-fish-sinigang-sa-miso/
Sweet and Sour Chicken Meatballs,https://panlasangpinoy.com/sweet-and-sour-chicken-meatballs/
Burger Steak,https://panlasangpinoy.com/jollibee-style-burger-steak-recipe/
Pineapple Chicken Afritada,https://panlasangpinoy.com/pineapple-chicken-afritada/
Pork Ribs Binagoongan,https://panlasangpinoy.com/pork-ribs-binagoongan/
Yema Recipe,https://panlasangpinoy.com/yema-recipe/
Crispy Eggplant Fries,https://panlasangpinoy.com/crispy-eggplant-fries/
Pork Menudo sa Gata Recipe,https://panlasangpinoy.com/pork-menudo-sa-gata-recipe/
Filipino Vinegar Dipping Sauce,https://panlasangpinoy.com/filipino-vinegar-dipping-sauce/
Mutya ng Cavite Recipe,https://panlasangpinoy.com/mutya-ng-cavite-recipe/
Beef Pares sa Kanto,https://panlasangpinoy.com/beef-pares-sa-kanto/
How to Cook Beef Stroganoff,https://panlasangpinoy.com/how-to-cook-beef-stroganoff/
Making McDonalds Style Chicken Nuggets at home,https://panlasangpinoy.com/making-mcdonalds-style-chicken-nuggets-at-home/
How to Make Crispy Fried Chicken (Spicy Version),https://panlasangpinoy.com/how-to-make-crispy-fried-chicken-spicy-version/
Pata Pochero,https://panlasangpinoy.com/pata-pochero/
Pancit Batil Patung Recipe,https://panlasangpinoy.com/pancit-batil-patung-recipe/
How to Make Authentic Carbonara,https://panlasangpinoy.com/how-to-make-authentic-carbonara/
Tuscan Salmon,https://panlasangpinoy.com/tuscan-salmon/
How to Cook Chicken Kare-Kare sa Gata,https://panlasangpinoy.com/how-to-cook-chicken-kare-kare-sa-gata/
No Steam Easy Flan,https://panlasangpinoy.com/no-steam-easy-flan/
Easy Lechon Paksiw,https://panlasangpinoy.com/easy-lechon-paksiw/
How to make Biko with Latik,https://panlasangpinoy.com/how-to-make-biko-with-latik/
Ginataang Alimasag with Sitaw at Kalabasa,https://panlasangpinoy.com/ginataang-alimasag-with-sitaw-at-kalabasa/
How to Make Goto Lamang Loob and Tokwa’t Baboy,https://panlasangpinoy.com/how-to-make-goto-lamang-loob-and-tokwat-baboy/
How to Cook Humba (Bisaya Version),https://panlasangpinoy.com/how-to-cook-humba-bisaya-version/
Pulutan Style Beef Caldereta,https://panlasangpinoy.com/pulutan-style-beef-caldereta/
Spicy Sotanghon Chicken Soup,https://panlasangpinoy.com/spicy-sotanghon-chicken-soup/
Beef Stir Fry Recipe,https://panlasangpinoy.com/stir-fried-beef/
How to make Garlic Bihon,https://panlasangpinoy.com/how-to-make-garlic-bihon/
How To Make Pata Kare-Kare,https://panlasangpinoy.com/how-to-make-pata-kare-kare/
Pinatuyong Pork Hamonado Recipe,https://panlasangpinoy.com/pinatuyong-pork-hamonado-recipe/
Pininyahang Manok Recipe (Pineapple Chicken),https://panlasangpinoy.com/pineapple-chicken-casserole-pininyahang-manok-recipe/
Pininyahang Manok sa Gata (Pineapple Chicken in Coconut Milk),https://panlasangpinoy.com/pininyahang-manok-sa-gata/
Tokwa at Baboy Humba (Pork Humba with Tofu),https://panlasangpinoy.com/tokwa-at-baboy-humba-pork-humba-with-tofu/
Arroz Palabok,https://panlasangpinoy.com/arroz-palabok/
Tipid Sarap Monggo na may Kangkong at Hibi,https://panlasangpinoy.com/tipid-sarap-monggo-na-may-kangkong-at-hibi/
Puto Pao,https://panlasangpinoy.com/puto-pao/
Crispy Air Fried Liempo Pinakbet with Ube,https://panlasangpinoy.com/crispy-air-fried-liempo-pinakbet-with-ube/
Kinamatisang Baka,https://panlasangpinoy.com/kinamatisang-baka/
Beef Nachos with Cheese Sauce Homemade,https://panlasangpinoy.com/beef-nachos-with-cheese-sauce-homemade/
Eggplant and Sardine Omelet | Tortang Talong with Sardinas,https://panlasangpinoy.com/eggplant-and-sardine-omelet-tortang-talong-with-sardinas/
Creamy Lengua with Corn,https://panlasangpinoy.com/creamy-lengua-with-corn/
Sweet and Sour Tilapia,https://panlasangpinoy.com/sweet-and-sour-tilapia/
Sweet Pata Asado,https://panlasangpinoy.com/sweet-pata-asado/
Spare Ribs Hamonado,https://panlasangpinoy.com/spare-ribs-hamonado/
Pesang Isda with Ginisang Miso,https://panlasangpinoy.com/pesang-isda-with-ginisang-miso/
Ginataang Puso ng Saging,https://panlasangpinoy.com/ginataang-puso-ng-saging/
Coke Pork Adobo,https://panlasangpinoy.com/coke-pork-adobo/
Salmon Sisig,https://panlasangpinoy.com/salmon-sisig/
Bulalo Kare-kare,https://panlasangpinoy.com/bulalo-kare-kare/
Chicken Hinalang (Halang-halang na Manok),https://panlasangpinoy.com/chicken-hinalang-halang-halang-na-manok/
How to Cook Tuna Pasta Alfredo,https://panlasangpinoy.com/how-to-cook-tuna-pasta-alfredo/
Seafood Curry,https://panlasangpinoy.com/seafood-curry/
Monte Cristo Sandwich,https://panlasangpinoy.com/monte-cristo-sandwich/
Aligue Fried Rice,https://panlasangpinoy.com/aligue-fried-rice/
Sprite Pork Adobo Recipe,https://panlasangpinoy.com/sprite-pork-adobo-recipe/
Peach Mango Nuggets,https://panlasangpinoy.com/peach-mango-nuggets/
Crispy Liempo Sinigang Rice,https://panlasangpinoy.com/crispy-liempo-sinigang-rice/
Maxs Style Fried Chicken with Kamote Fries,https://panlasangpinoy.com/maxs-style-fried-chicken-with-kamote-fries/
Pork Menudo sa Gata,https://panlasangpinoy.com/pork-menudo-sa-gata/
Sinantomas,https://panlasangpinoy.com/sinantomas/
Corned Beef Lomi Batangas Style,https://panlasangpinoy.com/corned-beef-lomi-batangas-style/
Ginataang Sapsap,https://panlasangpinoy.com/ginataang-sapsap/
Chicken Potato Salad Recipe,https://panlasangpinoy.com/chicken-potato-salad-recipe/
Tortang Noodles at Sardinas,https://panlasangpinoy.com/tortang-noodles-at-sardinas/
Saucy Beef with Broccoli,https://panlasangpinoy.com/saucy-beef-with-broccoli/
Sardines Fish Ball with Sweet and Sour Sauce,https://panlasangpinoy.com/sardines-fish-ball-with-sweet-and-sour-sauce/
Spareribs Kaldereta,https://panlasangpinoy.com/spareribs-kaldereta/
Chicken and Liver Adobo,https://panlasangpinoy.com/chicken-and-liver-adobo/
Adobong Manok sa Buko,https://panlasangpinoy.com/adobong-manok-sa-buko/
Talong at Tuna Torta,https://panlasangpinoy.com/talong-at-tuna-torta/
Sardines with Sotanghon and Pechay,https://panlasangpinoy.com/sardines-with-sotanghon-and-pechay/
Fish Sinigang,https://panlasangpinoy.com/fish-sinigang/
Chicken Adobong Puti,https://panlasangpinoy.com/chicken-adobong-puti/
Beef and Baby Corn Stir Fry Recipe,https://panlasangpinoy.com/beef-and-baby-corn-stir-fry-recipe/
Sinanglay na Tilapia Recipe,https://panlasangpinoy.com/sinanglay-na-tilapia/
Easy Kung Pao Shrimp Recipe,https://panlasangpinoy.com/easy-kung-pao-shrimp-recipe-2/
Low-Carb Breaded Pinatisang Baboy,https://panlasangpinoy.com/low-carb-breaded-pinatisang-baboy/
Shrimp Laing,https://panlasangpinoy.com/shrimp-laing/
Beef Hinalang,https://panlasangpinoy.com/beef-hinalang/
Crispy Pork Binagoongan,https://panlasangpinoy.com/crispy-pork-binagoongan/
Chicken Caldereta,https://panlasangpinoy.com/chicken-caldereta/
Easy Adobong Pusit,https://panlasangpinoy.com/easy-adobong-pusit/
Ginataang Bilo bilo with Langka Recipe,https://panlasangpinoy.com/ginataang-bilo-bilo-langka-recipe/
Creamy Garlic Parmesan Chicken with Mushrooms,https://panlasangpinoy.com/creamy-garlic-parmesan-chicken-with-mushrooms/
Garlic Butter Shrimp Recipe,https://panlasangpinoy.com/buttered-garlic-shrimp/
Banana Fritter Recipe (Maruya),https://panlasangpinoy.com/banana-fritter-recipe/
Pork Burger Steak with Mushroom Gravy Recipe,https://panlasangpinoy.com/pork-burger-steak-with-mushroom-gravy/
Corned Beef Omelet,https://panlasangpinoy.com/tortang-corned-beef-omelet/
Beef Kaldereta sa Gata with Peanut Butter,https://panlasangpinoy.com/beef-kaldereta-sa-gata-with-peanut-butter/
Ginataang Tulingan,https://panlasangpinoy.com/ginataang-tulingan/
Easy Palabok,https://panlasangpinoy.com/easy-palabok/
Chicken Asparagus Soup Recipe,https://panlasangpinoy.com/chicken-asparagus-soup-recipe/
Bulalugaw (Bulalo + Lugaw),https://panlasangpinoy.com/bulalugaw-bulalo-lugaw/
Pork Siomai Recipe,https://panlasangpinoy.com/pork-siomai-recipe/
Sinigang na Hipon Recipe,https://panlasangpinoy.com/filipino-food-sour-shrimp-soup-sinigang-na-hipon-recipe/
Chicken Mami Recipe,https://panlasangpinoy.com/chicken-mami-recipe/
Pork Monggo with Kangkong,https://panlasangpinoy.com/pork-monggo-with-kangkong/
Ham and Egg Fried Rice with Sweet Peas,https://panlasangpinoy.com/ham-and-egg-fried-rice-with-sweet-peas/
Easy Beef Stroganoff,https://panlasangpinoy.com/easy-beef-stroganoff/
Turbo Crispy Liempo,https://panlasangpinoy.com/turbo-crispy-liempo/
Longanisa Lumpiang Shanghai,https://panlasangpinoy.com/longanisa-lumpiang-shanghai/
Chicken and Pork Embutido,https://panlasangpinoy.com/chicken-and-pork-embutido/
Sizzling Crispy Sisig,https://panlasangpinoy.com/sizzling-crispy-sisig/
Kare-Kare Recipe (Beef Tripe),https://panlasangpinoy.com/kare-kare-recipe-beef-tripe/
No-Bake Filipino Style Lasagna,https://panlasangpinoy.com/no-bake-filipino-style-lasagna/
Yang Chow Fried Rice Recipe,https://panlasangpinoy.com/yang-chow-fried-rice/
Quick and Easy Fried Chicken,https://panlasangpinoy.com/quick-and-easy-fried-chicken/
Chicken Alfredo Recipe,https://panlasangpinoy.com/chicken-alfredo-recipe/
Pinoy Style Baked Macaroni with White Sauce,https://panlasangpinoy.com/pinoy-style-baked-macaroni-with-white-sauce/
Pinoy Fried Chicken Recipe,https://panlasangpinoy.com/pinoy-fried-chicken-recipe/
Macaroni Fruit Salad,https://panlasangpinoy.com/macaroni-fruit-salad/
Pochero with Pork and Beans,https://panlasangpinoy.com/pochero-with-pork-and-beans/
Ginataang Langka with Malunggay and Dilis,https://panlasangpinoy.com/ginataang-langka-with-malunggay-and-dilis/
Ginataang Manok with Papaya,https://panlasangpinoy.com/ginataang-manok-with-papaya/
Chicken Liver and Gizzard Stew with Quail Eggs and Snap Peas,https://panlasangpinoy.com/chicken-liver-and-gizzard-stew-with-quail-eggs-and-snap-peas/
Steamed Fish with Mayonnaise,https://panlasangpinoy.com/steamed-fish-with-mayonnaise/
Lechon Belly Roll,https://panlasangpinoy.com/lechon-belly-roll/
Easy Classic Macaroni Salad,https://panlasangpinoy.com/easy-classic-macaroni-salad/
Chicken Pancit Habhab,https://panlasangpinoy.com/chicken-pancit-habhab/
Pinoy Pork and Chicken Curry,https://panlasangpinoy.com/pinoy-pork-and-chicken-curry/
Chicken Bicol Express,https://panlasangpinoy.com/chicken-bicol-express/
7Up Fried Chicken,https://panlasangpinoy.com/7up-fried-chicken/
Crispy Dinakdakan Recipe,https://panlasangpinoy.com/crispy-dinakdakan-recipe/
Mayo Brownies,https://panlasangpinoy.com/mayo-brownies/
Crispy Dinuguan,https://panlasangpinoy.com/crispy-dinuguan/
Easy Chicken Adobo Recipe,https://panlasangpinoy.com/easy-chicken-adobo-recipe/
Creamy Chicken Pastel,https://panlasangpinoy.com/creamy-chicken-pastel/
Meaty Spaghetti,https://panlasangpinoy.com/meaty-spaghetti/
Longanisa Fried Rice and Ginisang Corned Beef with Kalabasa,https://panlasangpinoy.com/longanisa-fried-rice-and-ginisang-corned-beef-with-kalabasa/
Kalabasa and Corned Beef Nuggets,https://panlasangpinoy.com/kalabasa-and-corned-beef-nuggets/
Ukoy Dulong Recipe,https://panlasangpinoy.com/ukoy-dulong-recipe/
Buko Pandan,https://panlasangpinoy.com/buko-pandan-dessert-recipe/
Pork Adobo with Tokwa and Tausi and Garlic Fried Rice Adobo,https://panlasangpinoy.com/pork-adobo-with-tokwa-and-tausi-and-garlic-fried-rice-adobo/
Bangus Sisig Recipe,https://panlasangpinoy.com/bangus-sisig-recipe/
Ginisang Pechay at Giniling with Oyster Sauce,https://panlasangpinoy.com/ginisang-pechay-at-giniling-with-oyster-sauce/
Talong Bola Bola,https://panlasangpinoy.com/talong-bola-bola/
Kilawing Labanos,https://panlasangpinoy.com/kilawing-labanos/
Nilagang Manok,https://panlasangpinoy.com/nilagang-manok/
Ube Kalamay Recipe,https://panlasangpinoy.com/ube-kalamay-recipe/
Sweet and Sour Pork Recipe,https://panlasangpinoy.com/sweet-and-sour-pork-recip/
Chicken Adobo Fried Rice and Tortang Corned Beef,https://panlasangpinoy.com/chicken-adobo-fried-rice-and-tortang-corned-beef/
Grilled Tuna Belly,https://panlasangpinoy.com/grilled-tuna-belly/
Fried Tilapia Recipe,https://panlasangpinoy.com/filipino-food-fried-fish-tilapia-dish/
Suman sa Ibos Recipe,https://panlasangpinoy.com/suman-sa-ibos-recipe/
Turon Recipe (Banana Lumpia with Caramel),https://panlasangpinoy.com/turon/
Asian Beef with Mushroom,https://panlasangpinoy.com/asian-beef-with-mushroom/
Pork and Chicken Adobo Recipe,https://panlasangpinoy.com/pork-and-chicken-adobo/
Red Wine Beef Stew,https://panlasangpinoy.com/red-wine-beef-stew/
Paksiw na Pata Recipe,https://panlasangpinoy.com/filipino-food-network-pork-recipe-paksiw-na-pata-ng-baboy/
Galbi Recipe,https://panlasangpinoy.com/galbi/
Paklay Recipe,https://panlasangpinoy.com/paklay-recipe/
Air Fryer Bangus Salpicao,https://panlasangpinoy.com/air-fryer-bangus-salpicao/
Chicken Lumpia,https://panlasangpinoy.com/chicken-lumpia/
Fried Ham and Cheese Roll,https://panlasangpinoy.com/fried-ham-and-cheese-roll/
Chicken Pasta with Creamy Basil Sauce,https://panlasangpinoy.com/chicken-pasta-with-creamy-basil-sauce/
Sinigang na Pata with Gabi,https://panlasangpinoy.com/sinigang-na-pata-with-gabi/
Pork Lomi,https://panlasangpinoy.com/pork-lomi/
Ginataang Bitsuelas,https://panlasangpinoy.com/ginataang-bitsuelas/
Ginisang Togue Recipe,https://panlasangpinoy.com/ginisang-togue-sauteed-mung-bean-sprouts/
Creamy Lengua in White Sauce with Mushroom,https://panlasangpinoy.com/creamy-lengua-in-white-sauce-with-mushroom/
Creamy Garlic Salmon with Tomato and Spinach,https://panlasangpinoy.com/creamy-garlic-salmon-with-tomato-and-spinach/
Hamonadong Baboy,https://panlasangpinoy.com/hamonadong-baboy/
Sarciadong Manok,https://panlasangpinoy.com/sarciadong-manok/
Rellenong Pusit,https://panlasangpinoy.com/rellenong-pusit-stuffed-squid-recipe/
Seared Shrimp Macaroni Salad with Roasted Bell Pepper,https://panlasangpinoy.com/seared-shrimp-macaroni-salad-with-roasted-bell-pepper/
Easy Liempo Inihaw,https://panlasangpinoy.com/easy-liempo-inihaw/
Super Tasty Chop Suey,https://panlasangpinoy.com/super-tasty-chop-suey/
How to Cook Crispy Fried Chicken,https://panlasangpinoy.com/how-to-cook-crispy-fried-chicken/
Tasty Ginisang Sayote,https://panlasangpinoy.com/tasty-ginisang-sayote/
Ginataang Mackerel,https://panlasangpinoy.com/ginataang-mackerel-spinach/
Vegetarian Pancit Canton Recipe,https://panlasangpinoy.com/vegetarian-pancit-canton-recipe/
Chicken Sotanghon Soup,https://panlasangpinoy.com/chicken-sotanghon-soup-recipe/
Dyanamite Lumpia,https://panlasangpinoy.com/dyanamite-lumpia/
Soup Number 5,https://panlasangpinoy.com/soup-number-5/
Inihaw na Bangus Recipe (Grilled Milkfish),https://panlasangpinoy.com/inihaw-na-bangus-recipe/
Eggplant Salad (Ensaladang Talong),https://panlasangpinoy.com/healthy-ensaladang-talong-eggplant-salad-recipe/
Dinuguan Recipe,https://panlasangpinoy.com/dinuguan-blood-stew/
Tinolang Tahong Recipe,https://panlasangpinoy.com/tinolang-tahong/
Homemade Chicken Nuggets,https://panlasangpinoy.com/baked-chicken-nuggets-recipe/
Lechon Kawali Recipe,https://panlasangpinoy.com/lechon-kawali/
Pinoy Pork Barbecue,https://panlasangpinoy.com/pinoy-pork-barbeque-inihaw-recipe/
Tapsilog Recipe,https://panlasangpinoy.com/tapsilog-recipe/
Inasal,https://panlasangpinoy.com/inasal/
Beef Pares Recipe,https://panlasangpinoy.com/filipino-food-how-to-cook-beef-pares-recipe/
Taho Recipe,https://panlasangpinoy.com/filipino-street-food-homemade-taho-recipe/
Pancit Canton Recipe,https://panlasangpinoy.com/pancit-canton-recipe/
Chicken Pancit Recipe,https://panlasangpinoy.com/chicken-pancit-medley/
Pork Adobo in Pineapple Juice with Boiled Egg,https://panlasangpinoy.com/pork-adobo-in-pineapple-juice-with-boiled-egg-knr-pc/
Creamy Chicken Sopas,https://panlasangpinoy.com/creamy-chicken-sopas/
Beef Kaldereta Recipe,https://panlasangpinoy.com/beef-kaldereta/
Ginisang Monggo with Dilis,https://panlasangpinoy.com/ginisang-monggo-with-dilis/
Crispy Pata Recipe,https://panlasangpinoy.com/crispy-pata-pulutan-recipe/
Sipo Eggs Recipe,https://panlasangpinoy.com/sipo-eggs-recipe/
Squid Ball Chop Suey,https://panlasangpinoy.com/squid-ball-chop-suey-recipe/
Ginataang Tilapia Recipe,https://panlasangpinoy.com/ginataang-tilapia/
Sinigang na Baboy with Gabi,https://panlasangpinoy.com/sinigang-na-baboy-with-gabi/
Crispy Pork Belly Chicharon,https://panlasangpinoy.com/crispy-pork-belly-chicharon/
Pork Kaldereta sa Gata,https://panlasangpinoy.com/pork-kaldereta-sa-gata/
Spaghetti and Meatballs,https://panlasangpinoy.com/pasta-noodles-spaghetti-and-meatballs-recipe/
Chicken Pochero,https://panlasangpinoy.com/chicken-pochero/
Homemade Pork Tocino Recipe,https://panlasangpinoy.com/homemade-pork-tocino-recipe/
Pork Dumplings,https://panlasangpinoy.com/pork-dumpling-knr-kls/
Longevity Noodles with Chicken and Mushroom,https://panlasangpinoy.com/longevity-noodles-chicken-mushroom-knr-cc/
Crab and Corn Pearl Soup and Chinese Spring Rolls,https://panlasangpinoy.com/crab-and-corn-pearl-soup-and-chinese-spring-rolls/
Filipino Omelet,https://panlasangpinoy.com/filipino-omelet-recipe/
Ginisang Repolyo with Chicken,https://panlasangpinoy.com/ginisang-repolyo-with-chicken-knr-cc/
Adobong Pusit Recipe,https://panlasangpinoy.com/adobong-pusit-recipe/
Binagoongan Recipe,https://panlasangpinoy.com/pork-binagoongan-recipe/
Deep Fried Siomai,https://panlasangpinoy.com/deep-fried-siomai-wonton-recipe/
Beef with Broccoli,https://panlasangpinoy.com/beef-with-broccoli-recipe-knr-kls/
Pata Hamonado Recipe,https://panlasangpinoy.com/pata-hamonado-recipe/
Laing na Gabi,https://panlasangpinoy.com/laing-na-gabi-recipe/
Potato Salad with Carrots and Pineapple,https://panlasangpinoy.com/potato-salad-with-carrots-and-pineapple/
How to Cook Chicken Pastel,https://panlasangpinoy.com/how-to-cook-chicken-pastel/
Ampalaya con Carne Recipe,https://panlasangpinoy.com/ampalaya-con-carne-beef-stir-fry-bitter-gourd/
Ginataang Manok with Kalabasa Recipe,https://panlasangpinoy.com/ginataang-manok-with-kalabasa-recipe/
Chocolate Crinkle Cookies,https://panlasangpinoy.com/chocolate-crinkle-cookies-recipe/
Pork Dinuguan Recipe,https://panlasangpinoy.com/pork-dinuguan-recipe/
Lumpia Recipe,https://panlasangpinoy.com/filipino-lumpia-recipe/
How to Cook Ginataang Langka with Pork,https://panlasangpinoy.com/how-to-cook-ginataang-langka-with-pork-recipe-knr-mm/
Christmas Lasagna Recipe,https://panlasangpinoy.com/christmas-lasagna-recipe-easy-knr-bc/
How to Cook Gising Gising,https://panlasangpinoy.com/how-to-cook-gising-gising-green-beans-with-pork-knr-mm/
Maja Blanca Recipe,https://panlasangpinoy.com/maja-blanca-recipe/
Bistek Tagalog Recipe – Pinoy Beefsteak,https://panlasangpinoy.com/bistek-tagalog-beefsteak-recipe/
Chicken Tinola Recipe,https://panlasangpinoy.com/filipino-chicken-tinola-recipe/
Kare Kare Recipe – Panlasang Pinoy,https://panlasangpinoy.com/kare-kare-recipe/
Super Crispy Pata with Yummy Sawsawan,https://panlasangpinoy.com/super-crispy-pata-with-yummy-sawsawan-knr-kls/
How to Cook Embutido,https://panlasangpinoy.com/how-to-cook-embutido-knr-kls/
Filipino Style Chicken Curry,https://panlasangpinoy.com/filipino-style-chicken-curry-knr-mm/
How to Cook Kare Kare,https://panlasangpinoy.com/how-to-cook-kare-kare-knr-bc/
How to Cook Bicol Express,https://panlasangpinoy.com/how-to-cook-bicol-express-knr-pc/
Skinless Longganisa Recipe,https://panlasangpinoy.com/skinless-longganisa-recipe/
Ginataang Gulay Recipe,https://panlasangpinoy.com/ginataang-gulay-recipe-knr-mm/
Chicken Hamonado,https://panlasangpinoy.com/chicken-hamonado-recipe/
Spicy Pork Kaldereta,https://panlasangpinoy.com/spicy-pork-kaldereta/
Pancit Guisado Recipe,https://panlasangpinoy.com/pancit-guisado-recipe-knr-sc/
Filipino Sweet Macaroni Salad,https://panlasangpinoy.com/filipino-sweet-macaroni-salad-lc-mayo/
How to Cook Lumpiang Shanghai,https://panlasangpinoy.com/how-to-cook-lumpiang-shanghai-lumpia-knr-pc/
Chicken Kare Kare Recipe,https://panlasangpinoy.com/chicken-kare-kare-recipe/
How to Cook Pork Menudo – Filipino Recipe,https://panlasangpinoy.com/how-to-cook-pork-menudo-filipino-recipe/
How to Cook Mongolian Beef,https://panlasangpinoy.com/how-to-cook-mongolian-beef/
Filipino Style Spaghetti Recipe,https://panlasangpinoy.com/filipino-style-spaghetti-recipe-knr-bc/
Adobong Sitaw at Kangkong with Chicharon,https://panlasangpinoy.com/adobong-sitaw-at-kangkong-with-chicharon/
Paksiw na Bangus Recipe,https://panlasangpinoy.com/paksiw-na-bangus-recipe/
Bacon and Egg Macaroni Salad with Green Peas,https://panlasangpinoy.com/bacon-and-egg-macaroni-salad-with-green-peas-ldc/
Chicken ala King Recipe,https://panlasangpinoy.com/chicken-ala-king-recipe-knr_cc/
Kangkong with Squid Balls in Oyster Sauce,https://panlasangpinoy.com/kangkong-with-squid-balls-in-oyster-sauce/
Pork Dinakdakan Recipe,https://panlasangpinoy.com/pork-dinakdakan-recipe-knr_kls/
Pork Kare Kare Recipe,https://panlasangpinoy.com/pork-kare-kare-recipe_knr_pc/
Seared Okra and Tomato Recipe,https://panlasangpinoy.com/seared-okra-and-tomato-recipe/
Salmon Sinigang Recipe,https://panlasangpinoy.com/salmon-sinigang-recipe-knr_sg/
Rich and Creamy Chicken Sopas – Filipino Macaroni Chicken Soup,https://panlasangpinoy.com/rich-and-creamy-chicken-sopas-filipino-macaroni-chicken-soup/
Ginataang Lechon Kawali with Kalabasa and Long Green Beans,https://panlasangpinoy.com/ginataang-lechon-kawali-with-kalabasa-and-long-green-beans/
Cheesy Chicken Afritada Recipe,https://panlasangpinoy.com/cheesy-chicken-afritada-recipe/
Sinangag na Kanin Recipe – How to Make Garlic Fried Rice,https://panlasangpinoy.com/sinangag-na-kanin-recipe-how-to-make-garlic-fried-rice/
Root Beer Pork Steak,https://panlasangpinoy.com/root-beer-pork-steak-bistek-tagalog/
Buffalo Chicken Wing with Sauce Recipe,https://panlasangpinoy.com/buffalo-chicken-wing-with-sauce-recipe/
Tortang Tuna with Spinach – Omelet Recipe,https://panlasangpinoy.com/tortang-tuna-with-spinach-omelet-recipe/
Ginisang Upo at Kalabasa  – Sauteed Opo and Butternut Squash,https://panlasangpinoy.com/ginisang-upo-at-kalabasa-sauteed-opo-and-butternut-squash/
Ginataang Baka – Beef in Coconut Milk with Green Beans and Spinach,https://panlasangpinoy.com/ginataang-baka-beef-in-coconut-milk-with-green-beans-and-spinach/
Nilagang Baka with Kalabasa – Filipino boiled beef Soup,https://panlasangpinoy.com/nilagang-baka-with-kalabasa-filipino-boiled-beef-soup/
Corned Beef Baked Macaroni,https://panlasangpinoy.com/carne-norte-corned-beef-baked-macaroni/
Ginisang Upo with Ground Pork and Shrimp,https://panlasangpinoy.com/ginisang-upo-with-ground-pork-and-shrimp/
Bulanglang na Gulay (Batangas),https://panlasangpinoy.com/bulanglang-na-gulay-batangas_knr_fc/
Luncheon Meat Mac Salad with Cheese,https://panlasangpinoy.com/luncheon-meat-mac-salad-with-cheese/
Sizzling Liempo Sisig Recipe,https://panlasangpinoy.com/sizzling-liempo-sisig-recipe-knr_kls/
Ginataang Salmon (Salmon in Coconut Milk),https://panlasangpinoy.com/ginataang-salmon-sa-gata-recipe-salmon-in-coconut-milk_knr_mm/
Ketogenic Bacon and Egg Salad Recipe,https://panlasangpinoy.com/ketogenic-bacon-and-egg-salad-recipe/
Crispy Baked Chicken Wings,https://panlasangpinoy.com/crispy-baked-chicken-wings/
Sinigang na Sugpo Recipe,https://panlasangpinoy.com/sinigang-na-sugpo-recipe-knr_sg/
Filipino Fried Pork Chop Recipe with Tomato and Salted Egg,https://panlasangpinoy.com/filipino-fried-pork-chop-recipe-with-tomato-and-salted-egg/
Breakfast T-Bone Steak with Fried Eggs Recipe,https://panlasangpinoy.com/breakfast-t-bone-steak-with-fried-eggs-recipe/
Shrimp with Butter and Taba ng Talangka Recipe – Bisita Kusina Episode 2,https://panlasangpinoy.com/shrimp-with-butter-and-taba-ng-talangka-recipe-bisita-kusina-episode-2/
Pocherong Baboy Recipe,https://panlasangpinoy.com/pocherong-baboy-recipe/
How to Cook Bulalo and Tagaytay Mahogany Market Tour,https://panlasangpinoy.com/how-to-cook-bulalo-and-tagaytay-mahogany-market-tour/
Calderetang Baboy Recipe,https://panlasangpinoy.com/calderetang-baboy-recipe/
Spicy Tokwat Baboy Recipe,https://panlasangpinoy.com/spicy-tokwat-baboy-recipe/
Oxtail Soup Recipe,https://panlasangpinoy.com/oxtail-soup-recipe_knr_bc/
Crispy Bicol Express,https://panlasangpinoy.com/crispy-bicol-express/
Chicharon Bulaklak with Spicy Vinegar,https://panlasangpinoy.com/chicharon-bulaklak-with-panlasang-pinoy-vinegar/
Pata at Hipon sa Gata na May Monggo at Langka,https://panlasangpinoy.com/pata-at-hipon-sa-gata-na-may-monggo-at-langka/
Tanigue Fish Steak ala Bistek,https://panlasangpinoy.com/tanigue-fish-steak-ala-bistek/
Classic Macaroni Salad Recipe,https://panlasangpinoy.com/classic-macaroni-salad-recipe/
7up Chicken Asado,https://panlasangpinoy.com/7up-chicken-asado/
Estofadong Baboy Recipe,https://panlasangpinoy.com/estofadong-baboy-recipe/
Bopis na Manok,https://panlasangpinoy.com/bopis-na-manok/
Bicol Express ala Bebet – Bisita Kusina Episode 1,https://panlasangpinoy.com/bicol-express-ala-bebet/
Filipino Shrimp Curry Recipe,https://panlasangpinoy.com/filipino-shrimp-curry-recipe/
Paksiw na Salmon sa Gata,https://panlasangpinoy.com/paksiw-na-salmon-sa-gata/
Tuna Sisig,https://panlasangpinoy.com/tuna-sisig/
Chicken Cordon Bleu with Dijon Cream Sauce,https://panlasangpinoy.com/chicken-cordon-bleu-with-dijon-cream-sauce/
Beef Ribs Sinigang,https://panlasangpinoy.com/beef-ribs-sinigang/
Coca Cola Beef Tapa,https://panlasangpinoy.com/coca-cola-beef-tapa/
Chicken Inasal BBQ Recipe,https://panlasangpinoy.com/chicken-inasal-bbq-recipe/
Tuna Macaroni Salad,https://panlasangpinoy.com/tuna-macaroni-salad/
Ginataang Hipon na may Sitaw at Kalabasa,https://panlasangpinoy.com/ginataang-hipon-na-may-sitaw-at-kalabasa/
Ginisang Upo with Sardinas,https://panlasangpinoy.com/ginisang-upo-with-sardinas/
Corned Beef Sinigang,https://panlasangpinoy.com/corned-beef-sinigang/
Binignit Recipe,https://panlasangpinoy.com/binignit-recipe/
Pork Bola Bola Soup with Misua and Patola,https://panlasangpinoy.com/pork-bola-bola-soup-with-misua-and-patola/
Mechadong Baka Recipe,https://panlasangpinoy.com/mechadong-baka-recipe/
15 Minute Pork Stir Fry,https://panlasangpinoy.com/15-minute-pork-stir-fry/
Adobong Baboy sa Gata (Pork Adobo in Coconut Milk),https://panlasangpinoy.com/adobong-baboy-sa-gata-pork-adobo-in-coconut-milk/
Puchero Bulalo Recipe (Beef Shank Pochero),https://panlasangpinoy.com/puchero-bulalo-recipe-beef-shank-stew/
Salted Egg Prawn Recipe,https://panlasangpinoy.com/salted-egg-prawn/
Lumpiang Sariwa with Fresh Lumpia Wrapper,https://panlasangpinoy.com/lumpiang-sariwa-with-fresh-lumpia-wrapper/
Pinoy Style Chicken Macaroni Salad,https://panlasangpinoy.com/pinoy-style-chicken-macaroni-salad/
Ginataang Monggo with Pork Recipe,https://panlasangpinoy.com/ginataang-monggo-with-pork-recipe/
Healthy Chicken Menudo,https://panlasangpinoy.com/healthy-chicken-menudo/
No Bake Lasagna Pinoy Style,https://panlasangpinoy.com/no-bake-lasagna-pinoy-style/
Puto Cake,https://panlasangpinoy.com/puto-cake/
Popcorn Chicken Recipe,https://panlasangpinoy.com/popcorn-chicken-recipe-2/
Bacon and Egg Filipino Chicken Adobo,https://panlasangpinoy.com/bacon-and-egg-filipino-chicken-adobo/
How to Cook Crispy Pork Knuckles,https://panlasangpinoy.com/putok-batok-crispy-pata-slices/
Ginisang Ampalaya na May Itlog at Hipon (Sauteed Bitter Gourd),https://panlasangpinoy.com/ginisang-ampalaya-na-may-itlog-at-hipon-sauteed-bitter-melon-with-egg-and-shrimp/
Chicken Meatball Noodle Soup,https://panlasangpinoy.com/chicken-meatball-noodle-soup/
Beef Tinola Recipe,https://panlasangpinoy.com/beef-tinola-recipe/
Chicken Mami,https://panlasangpinoy.com/chicken-mami/
Sauteed Green Beans with Ground Beef,https://panlasangpinoy.com/sauteed-green-beans-with-ground-beef/
Beef Bulalo Recipe,https://panlasangpinoy.com/beef-bulalo-recipe/
Deep Fried Bulalo with Restaurant Style Teriyaki Sauce,https://panlasangpinoy.com/deep-fried-bulalo-with-teriyaki-sauce/
Spicy Sardinas with Patola and Miswa,https://panlasangpinoy.com/spicy-sardinas-with-patola-and-miswa/
Home Fries Recipe,https://panlasangpinoy.com/home-fries-recipe/
Golden Chicken Rice Balls with Crab and Corn Soup,https://panlasangpinoy.com/golden-chicken-rice-balls-with-crab-and-corn-soup/
Pork Siomai and Nido Oriental Style Soup,https://panlasangpinoy.com/pork-siomai-and-nido-oriental-style-soup/
Pork Ginataan Recipe,https://panlasangpinoy.com/pork-ginataan-recipe/
Sotanghon with Upo Soup,https://panlasangpinoy.com/sotanghon-with-upo-soup/
Picadillo Recipe,https://panlasangpinoy.com/picadillo-recipe/
Tinolang Manok sa Upo,https://panlasangpinoy.com/tinolang-manok-sa-upo/
Pancit Malabon,https://panlasangpinoy.com/pancit-malabon/
Pork Empanada Recipe,https://panlasangpinoy.com/pork-empanada-recipe/
Chicken Congee Recipe,https://panlasangpinoy.com/chicken-congee-recipe/
Shrimp and Chicken Pancit Canton,https://panlasangpinoy.com/shrimp-and-chicken-pancit-canton/
Homemade Pork and Beans Recipe,https://panlasangpinoy.com/homemade-pork-and-beans-recipe/
Eggplant Omelette,https://panlasangpinoy.com/eggplant-omelette/
Pandesal and Sardines Pizza,https://panlasangpinoy.com/pandesal-and-sardines-pizza/
Bacon Wrapped Sea Scallop,https://panlasangpinoy.com/bacon-wrapped-sea-scallop/
Nilagang Buto-buto ng Baka Recipe,https://panlasangpinoy.com/nilagang-buto-buto-ng-baka-recipe/
Rosemary Crusted Roast Rack of Lamb,https://panlasangpinoy.com/rosemary-crusted-roast-rack-of-lamb/
How To Cook Filipino Chicken Arroz Caldo,https://panlasangpinoy.com/how-to-cook-filipino-chicken-arroz-caldo/
Spanish Sardines Pasta with Sun Dried Tomato and Chopped Olives,https://panlasangpinoy.com/spanish-sardines-pasta-with-sun-dried-tomato-and-chopped-olives/
Lechon Belly Pork Adobo Recipe,https://panlasangpinoy.com/lechon-belly-pork-adobo-recipe/
Baked Salmon with Lemon Garlic and Butter,https://panlasangpinoy.com/baked-salmon-with-lemon-garlic-and-butter/
Chicken Nilaga with Kalabasa Recipe,https://panlasangpinoy.com/chicken-nilaga-with-kalabasa/
Spinach Tomato and Cheese Omelette,https://panlasangpinoy.com/spinach-tomato-and-cheese-omelette/
Stuffed Burger Patties,https://panlasangpinoy.com/stuffed-burger-patties/
Oxtail Stew Recipe,https://panlasangpinoy.com/oxtail-stew-recipe/
Ginataang Santol (Sinantolan) Recipe,https://panlasangpinoy.com/ginataang-santol-sinantolan-recipe/
Crispy Lechon Belly Recipe,https://panlasangpinoy.com/crispy-lechon-belly-recipe/
Broiled Lobster Tail with Lemon Butter Sauce,https://panlasangpinoy.com/broiled-lobster-tail-with-lemon-butter-sauce/
Paella Negra (Arroz Negre) Recipe,https://panlasangpinoy.com/paella-negra-arroz-negre-recipe/
Crispy Fried Mahi Mahi Sarciado,https://panlasangpinoy.com/crispy-fried-mahi-mahi-sarciado/
Chicken Adobo with Bacon and Egg,https://panlasangpinoy.com/chicken-adobo-with-bacon-and-egg/
Manila Clam and Mussel Tinola Recipe,https://panlasangpinoy.com/manila-clam-and-mussel-tinola-recipe/
Butter Garlic Shrimp and Squid,https://panlasangpinoy.com/butter-garlic-shrimp-and-squid/
Bibingka Muffins,https://panlasangpinoy.com/bibingka-muffins/
Cioppino Recipe,https://panlasangpinoy.com/cioppino-recipe/
Puto Bumbong Recipe,https://panlasangpinoy.com/puto-bumbong-recipe/
Crispy Pata,https://panlasangpinoy.com/crispy-pata/
Pastimallows Recipe (Pastillas Covered Marshmallows),https://panlasangpinoy.com/pastimallows/
Christmas Chicken and Ham Macaroni Salad,https://panlasangpinoy.com/christmas-chicken-and-ham-macaroni-salad/
Homemade Cured Ham with Brown Sugar Honey Glaze,https://panlasangpinoy.com/homemade-cured-ham-with-brown-sugar-honey-glaze/
Filipino Pork Menudo Recipe,https://panlasangpinoy.com/filipino-pork-menudo-recipe/
Lechon Kawali,https://panlasangpinoy.com/filipino-lechon-kawali/
How to Make Yema,https://panlasangpinoy.com/how-to-make-yema/
Oxtail Kare-Kare Recipe,https://panlasangpinoy.com/oxtail-kare-kare-recipe-peanut-stew/
Dinengdeng na Saluyot with Tinapa,https://panlasangpinoy.com/dinengdeng-na-saluyot-with-tinapa/
Special Pork Kaldereta,https://panlasangpinoy.com/special-pork-kaldereta/
Pinoy Spaghetti Recipe,https://panlasangpinoy.com/pinoy-spaghetti-recipe/
Grilled Rib Eye Steak with Arroz Amarillo,https://panlasangpinoy.com/grilled-rib-eye-steak-with-arroz-amarillo/
Noche Buena Lumpiang Shanghai,https://panlasangpinoy.com/noche-buena-lumpiang-shanghai-egg-roll/
Chopsuey Stir Fry,https://panlasangpinoy.com/chopsuey-stir-fry-recipe/
Pocherong Baka Recipe,https://panlasangpinoy.com/pocherong-baka-recipe/
Ginisang Repolyo with Giniling Recipe,https://panlasangpinoy.com/ginisang-repolyo-with-giniling/
Paksiw na Lechon Kawali,https://panlasangpinoy.com/paksiw-na-lechon-kawali/
Nilagang Baka ala Bulalo,https://panlasangpinoy.com/nilagang-baka-ala-bulalo/
Tonkatsu Sinangag at Itlog,https://panlasangpinoy.com/tonkatsu-sinangag-at-itlog/
Pancit Sotanghon Na May Hipon,https://panlasangpinoy.com/pancit-sotanghon-na-may-hipon/
Super Special Chopsuey,https://panlasangpinoy.com/super-special-chopsuey/
Filipino Style Creamy Bacon and Mushroom Carbonara,https://panlasangpinoy.com/filipino-style-creamy-bacon-and-mushroom-carbonara/
Fish Lumpia Recipe,https://panlasangpinoy.com/fish-lumpia-recipe/
Palabok Recipe,https://panlasangpinoy.com/pancit-palabok-recipe/
Buffalo Pork Ribs Recipe,https://panlasangpinoy.com/buffalo-pork-ribs-recipe/
How to Cook Pork Bagnet,https://panlasangpinoy.com/cook-pork-bagnet-crispy-fried-pork-belly/
Panlasang Pinoy Bibingkang Galapong,https://panlasangpinoy.com/panlasang-pinoy-bibingkang-galapong/
Beef Pot Roast,https://panlasangpinoy.com/beef-pot-roast/
Healthy Frozen Blueberry Yogurt Recipe,https://panlasangpinoy.com/healthy-frozen-blueberry-yogurt-recipe/
Anghang Sarap Laing with Shrimp,https://panlasangpinoy.com/anghang-sarap-laing-shrimp/
Sizzling Tuna Sisig,https://panlasangpinoy.com/sizzling-tuna-sisig/
BBQ Chicken Wrap,https://panlasangpinoy.com/bbq-chicken-wrap/
Ginataang Manok Na May Luyang Dilaw,https://panlasangpinoy.com/ginataang-manok-na-may-luyang-dilaw/
Extremely Spicy Pork Adobo na Tuyo,https://panlasangpinoy.com/extremely-spicy-pork-adobo-na-tuyo/
How to Make Kimchi at Home,https://panlasangpinoy.com/how-to-make-kimchi-at-home/
How to Cook Sinampalukang Manok,https://panlasangpinoy.com/how-to-cook-sinampalukang-manok/
Spicy Honey Chicken with Steamed Vegetables,https://panlasangpinoy.com/spicy-honey-chicken-steamed-vegetables-recipe/
How To Cook Super Crispy Lechon Kawali,https://panlasangpinoy.com/how-to-cook-super-crispy-lechon-kawali/
Burong Mustasa (Pickled Flat Mustard Greens),https://panlasangpinoy.com/burong-mustasa-pickled-flat-mustard-greens/
Buttermilk Waffles,https://panlasangpinoy.com/buttermilk-waffles-recipe/
Super Tender Juicy Chicken Nuggets,https://panlasangpinoy.com/super-tender-juicy-chicken-nuggets/
Gotong Batangas Recipe,https://panlasangpinoy.com/gotong-batangas-recipe/
Grilled Liempo with Fried Tofu,https://panlasangpinoy.com/grilled-liempo-with-fried-tofu/
Cheesy Crab and Corn Nachos,https://panlasangpinoy.com/cheesy-crab-and-corn-nachos/
Spicy Calderetang Kambing with Peanut Butter (Goat Meat Caldereta),https://panlasangpinoy.com/spicy-calderetang-kambing-with-peanut-butter-goat-meat-caldereta/
Tocino with Salted Egg and Chopped Tomato,https://panlasangpinoy.com/tocino-recipe-with-salted-egg-and-chopped-tomato/
Spicy Daing na Bangus,https://panlasangpinoy.com/spicy-daing-na-bangus/
Ginataang Langka with Alimasag,https://panlasangpinoy.com/ginataang-langka-with-alimasag/
Spicy Monggo with Tinapa,https://panlasangpinoy.com/spicy-monggo-with-tinapa/
Seafood Pancit Canton,https://panlasangpinoy.com/seafood-pancit-canton/
Seafood Sinigang,https://panlasangpinoy.com/seafood-sinigang/
Ma Po Tofu Recipe,https://panlasangpinoy.com/ma-po-tofu-recipe/
Fried Galunggong with Salted Egg and Tomato Salad,https://panlasangpinoy.com/fried-galunggong-with-salted-egg-and-tomato-salad/
Chicken Adobo sa Gata,https://panlasangpinoy.com/chicken-adobo-sa-gata/
Sous Vide Strip Steak Recipe,https://panlasangpinoy.com/sous-vide-strip-steak-recipe/
Inihaw na Galunggong with Ensaladang Talong,https://panlasangpinoy.com/inihaw-na-galunggong-with-ensaladang-talong/
Kilawing Tuna with Coconut Cream (Filipino Fish Ceviche),https://panlasangpinoy.com/kilawing-tuna-with-coconut-cream-filipino-fish-ceviche/
Beef Short Rib Kare Kare,https://panlasangpinoy.com/beef-short-rib-kare-kare/
Crispy Tofu Sisig,https://panlasangpinoy.com/crispy-tofu-sisig-vegan-recipe/
Ensaladang Mangga (Green Mango Salad),https://panlasangpinoy.com/ensaladang-mangga-green-mango-salad/
Hotsilog (Hotdog Sinangang at Itlog),https://panlasangpinoy.com/hotsilog-hotdog-sinangang-at-itlog/
Tortang Talong with Ground Pork Recipe,https://panlasangpinoy.com/tortang-talong-with-ground-pork-recipe/
Chicken Curry,https://panlasangpinoy.com/chicken-curry/
Asadong Baboy Recipe,https://panlasangpinoy.com/asadong-baboy-recipe/
Sizzling Tofu,https://panlasangpinoy.com/sizzling-tofu-recipe/
Beef Short Rib Sinigang Na May Pakwan,https://panlasangpinoy.com/beef-short-rib-sinigang-na-may-pakwan/
Sauteed Bottle Gourd with Ground Pork and Shrimp,https://panlasangpinoy.com/sauteed-bottle-gourd-with-ground-pork-and-shrimp/
Grilled Stuffed Squid (inihaw na pusit),https://panlasangpinoy.com/grilled-stuffed-squid-pusit/
Sous Vide Chicken Adobo,https://panlasangpinoy.com/sous-vide-chicken-adobo/
Ham and Hotdog Omelette with Cheese,https://panlasangpinoy.com/ham-and-hotdog-omelette-with-cheese/
Afritadang Baboy Recipe,https://panlasangpinoy.com/afritadang-baboy-recipe/
Corned Beef with Cabbage and Potato,https://panlasangpinoy.com/corned-beef-with-cabbage-and-potato/
Sinigang na Salmon sa Miso,https://panlasangpinoy.com/sinigang-na-salmon-sa-miso/
Bulalo Beef Pares Recipe,https://panlasangpinoy.com/bulalo-beef-pares-recipe/
Sweet and Sour Red Snapper,https://panlasangpinoy.com/sweet-and-sour-red-snapper/
Sausage Peppers and Onion Skillet,https://panlasangpinoy.com/sausage-peppers-and-onion-skillet/
Ube Pichi Pichi Recipe,https://panlasangpinoy.com/ube-pichi-pichi-recipe/
Shrimp Monggo with Lechon Kawali,https://panlasangpinoy.com/shrimp-monggo-with-lechon-kawali/
Grilled Pork Belly with Garlic Fried Rice and Fried Egg – Liempo Sinangag Itlog,https://panlasangpinoy.com/grilled-pork-belly-with-garlic-fried-rice-and-fried-egg-liempo-sinangag-itlog/
Grilled Grouper Steak in Foil Packet,https://panlasangpinoy.com/grilled-grouper-steak-in-foil-packet-inihaw-na-lapu/
Steamed Cassava Cake,https://panlasangpinoy.com/steamed-cassava-cake/
Crispy Fried Smelt Recipe,https://panlasangpinoy.com/how-to-cook-crispy-fried-smelt/
Ginisang Monggo with Inihaw na Liempo,https://panlasangpinoy.com/ginisang-monggo-with-inihaw-na-liempo/
Filipino Style Pork BBQ,https://panlasangpinoy.com/filipino-style-pork-bbq/
Pork Nilaga Recipe,https://panlasangpinoy.com/pork-nilaga-recipe/
Ginisang Pechay with Ground Pork and Shrimp (Sauteed Bok Choy),https://panlasangpinoy.com/ginisang-pechay-with-ground-pork-and-shrimp-bok-choy/
Ginisang Sitaw Kalabasa at Malunggay with Shrimp (Sauteed Squash with Shrimp),https://panlasangpinoy.com/ginisang-sitaw-kalabasa-at-malunggay-with-shrimp-sauteed-butternut-squash-with-shrimp/
Lobster Pasta in Creamy Alfredo Sauce Recipe,https://panlasangpinoy.com/lobster-pasta-in-creamy-alfredo-sauce-recipe/
Chicken Arroz Caldo Recipe,https://panlasangpinoy.com/chicken-arroz-caldo-recipe-glutinous-rice-porridge/
Oven Baked Leche Flan Recipe,https://panlasangpinoy.com/oven-baked-leche-flan-recipe-dessert/
Pork Pata Humba Recipe,https://panlasangpinoy.com/pork-pata-humba-ham-hock-filipino-recipe/
Pork Monggo Recipe,https://panlasangpinoy.com/pork-monggo-chicharon-malunggay-recipe/
Filipino Shrimp Pancit Bihon Recipe,https://panlasangpinoy.com/filipino-shrimp-pancit-bihon-recipe/
Moist Banana Bread with Raisins,https://panlasangpinoy.com/moist-banana-bread-with-raisins-recipe/
Chocolate Biko Recipe,https://panlasangpinoy.com/chocolate-biko-recipe/
Braised Pork Belly in Soy Sauce (Tau Yew Bak),https://panlasangpinoy.com/braised-pork-belly-in-soy-sauce-tau-yew-bak/
Pork Menudo with Ham Recipe,https://panlasangpinoy.com/pork-menudo-with-ham-recipe/
Ginataang Manok with Sitaw at Kalabasa,https://panlasangpinoy.com/ginataang-manok-with-sitaw-at-kalabasa/
Spicy Ginataang Hipon Recipe,https://panlasangpinoy.com/spicy-ginataang-hipon-recipe/
Chicken Adobo with Egg,https://panlasangpinoy.com/chicken-adobo-with-egg/
Pork Dinuguan sa Gata Recipe,https://panlasangpinoy.com/pork-dinuguan-sa-gata-recipe/
Pork Bicol Express,https://panlasangpinoy.com/pork-bicol-express-recipe/
Ginisang Sardinas with Ampalaya (Sautéed Sardines with Bitter Melon),https://panlasangpinoy.com/ginisang-sardinas-with-ampalayasardines-bitter-melon/
Tofu and Green Bean Stir Fry in Oyster Sauce with Salted Black Beans,https://panlasangpinoy.com/tofu-and-green-bean-stir-fry-in-oyster-sauce-with-salted-black-beans/
Chili Garlic Butter Shrimp Recipe,https://panlasangpinoy.com/chili-garlic-butter-shrimp-recipe/
Pinakbet with Squid in Coconut Milk (Pinakbet sa Gata),https://panlasangpinoy.com/pinakbet-with-squid-in-coconut-milk-pinakbet-sa-gata/
Spicy Wonton Soup Recipe,https://panlasangpinoy.com/spicy-wonton-soup-recipe/
Adobong Pusit sa Gata,https://panlasangpinoy.com/adobong-pusit-sa-gata/
Monggo with Hibi (Mung beans with small dried shrimp),https://panlasangpinoy.com/monggo-with-hibi-mung-beans-with-small-dried-shrimp/
Pesang Baboy at Manok Recipe,https://panlasangpinoy.com/pesang-baboy-at-manok-recipe/
Stir Fried Pepper Steak,https://panlasangpinoy.com/stir-fried-pepper-steak/
Dinengdeng with Bilong-bilong Recipe,https://panlasangpinoy.com/dinengdeng-with-bilong-bilong-recipe/
Inihaw na Baboy,https://panlasangpinoy.com/inihaw-na-baboy/
Basic Tortang Talong Recipe,https://panlasangpinoy.com/basic-tortang-talong-recipe/
Pata Paksiw Recipe,https://panlasangpinoy.com/pata-paksiw-recipe/
Batangas Bulalo Recipe,https://panlasangpinoy.com/batangas-bulalo-recipe/
Adobong Sitaw with Lechon Kawali,https://panlasangpinoy.com/adobong-sitaw-with-lechon-kawali/
Sinabawang Corned Beef Recipe,https://panlasangpinoy.com/sinabawang-corned-beef-recipe/
Tuna in Can Sarciado,https://panlasangpinoy.com/tuna-in-can-sarciado/
Seafood Bicol Express,https://panlasangpinoy.com/seafood-bicol-express/
Chicken Soup with Misua and Patola,https://panlasangpinoy.com/chicken-soup-with-misua-and-patola/
Chicken Lomi Recipe,https://panlasangpinoy.com/chicken-lomi-recipe/
Special Longanisa Fried Rice Recipe,https://panlasangpinoy.com/special-longanisa-fried-rice-recipe/
Chicken Molo Soup Recipe,https://panlasangpinoy.com/chicken-molo-soup-recipe/
Upo Guisado Recipe,https://panlasangpinoy.com/upo-guisado-recipe/
Simple Chicken Noodle Soup Recipe,https://panlasangpinoy.com/simple-chicken-noodle-soup/
Shrimp Scampi with Linguine,https://panlasangpinoy.com/shrimp-scampi-with-linguine/
Tinola Chicken Mami,https://panlasangpinoy.com/tinola-chicken-mami/
Saucy Pancit Canton,https://panlasangpinoy.com/saucy-pancit-canton/
Tinolang Manok sa Gata Recipe,https://panlasangpinoy.com/tinolang-manok-sa-gata-recipe/
Pork Adobo with Sitaw Recipe,https://panlasangpinoy.com/pork-adobo-with-sitaw-recipe/
Binakol na Manok Recipe,https://panlasangpinoy.com/binakol-na-manok-recipe/
Fried Noodles with Chicken and Shrimp,https://panlasangpinoy.com/fried-noodles-with-chicken-and-shrimp/
Chicken Macaroni Soup,https://panlasangpinoy.com/chicken-macaroni-soup/
Tinolang Manok Recipe,https://panlasangpinoy.com/classic-tinolang-manok-recipe/
Dinardaraan Recipe (Ilocano Dinuguan),https://panlasangpinoy.com/dinardaraan-recipe-dinuguan/
Stir Fried Beef with Oyster Sauce and Snap Peas,https://panlasangpinoy.com/stir-fried-beef-with-oyster-sauce-and-snap-peas/
Mini Banana Cake with Walnuts for Kids,https://panlasangpinoy.com/mini-banana-cake-with-walnuts-for-kids/
Chewy Coconut Macaroons Recipe,https://panlasangpinoy.com/chewy-coconut-macaroons-recipe/
How to Make Latik from a Can of Coconut Cream,https://panlasangpinoy.com/how-to-make-latik-from-a-can-of-coconut-cream/
Steamed Eggplant and Okra with Bagoong,https://panlasangpinoy.com/steamed-eggplant-and-okra-with-bagoong/
Mung Bean Sprouts with Shrimp,https://panlasangpinoy.com/mung-bean-sprouts-with-shrimp/
Lengua in White Mushroom Sauce,https://panlasangpinoy.com/lengua-in-white-mushroom-sauce/
Seared Scallops in Herbed Butter Sauce Recipe,https://panlasangpinoy.com/seared-scallops-in-herbed-butter-sauce-recipe/
Leche Puto Recipe,https://panlasangpinoy.com/leche-puto-recipe/
Special Chicken Embutido Recipe (Filipino Chicken Meatloaf),https://panlasangpinoy.com/special-chicken-embutido-recipe-filipino-chicken-meatloaf/
Cathedral Window Gelatin Recipe,https://panlasangpinoy.com/cathedral-window-jelly-recipe/
Cheese Puto Recipe,https://panlasangpinoy.com/cheese-puto-recipe/
Poached Tilapia in Sour Broth,https://panlasangpinoy.com/poached-tilapia-in-sour-broth/
Sauteed Chayote with Pork and Tomato,https://panlasangpinoy.com/sauteed-chayote-with-pork-and-tomato/
Filipino Beef Morcon with Garlic Fried Rice and Eggs,https://panlasangpinoy.com/filipino-beef-morcon-with-garlic-fried-rice-and-eggs/
Dinaldalem Recipe (Igado – Liver and Pork Adobo),https://panlasangpinoy.com/dinaldalem-recipe-igado-liver-and-pork-adobo/
Lengua Estofado Recipe,https://panlasangpinoy.com/lengua-estofado-recipe/
Pinoy Style Carbonara Recipe,https://panlasangpinoy.com/pinoy-style-carbonara/
Pork Tenderloin Salpicao,https://panlasangpinoy.com/pork-tenderloin-salpicao/
Adobong Okra with Pork Recipe,https://panlasangpinoy.com/adobong-okra-with-pork-recipe/
Mini Turon Recipe (Banana Lumpia with Caramel),https://panlasangpinoy.com/mini-turon-recipe-banana-lumpia-with-caramel/
How To Cook Beef Kaldereta,https://panlasangpinoy.com/how-to-cook-beef-kaldereta/
Champorado with Tuyo – Chocolate Porridge with Salted Dried Fish,https://panlasangpinoy.com/champorado-with-tuyo-chocolate-porridge-with-salted-dried-fish/
Slow Cooked Beefsteak (Bistek Tagalog),https://panlasangpinoy.com/slow-cooked-beefsteak-bistek-tagalog/
Spicy Camaron Rebosado (Deep Fried Beer Battered Shrimp),https://panlasangpinoy.com/spicy-camaron-rebosado-deep-fried-beer-battered-shrimp/
Beef Pares Mami Noodles Recipe,https://panlasangpinoy.com/beef-pares-mami-noodles-recipe/
Fried Tilapia in Coconut Milk (Ginataang Tilapia),https://panlasangpinoy.com/fried-tilapia-in-coconut-milk-ginataang-tilapia/
Pork Chop Bicol Express Recipe,https://panlasangpinoy.com/pork-chop-bicol-express/
Cheesy Baked Macaroni Recipe,https://panlasangpinoy.com/cheesy-baked-macaroni-recipe/
Classic Beef Morcon Recipe,https://panlasangpinoy.com/classic-beef-morcon-recipe/
Crockpot Beef Pares Recipe,https://panlasangpinoy.com/crockpot-beef-pares-recipe/
Embutido Meatloaf with Tomato and Basil Grilled Cheese Sandwich,https://panlasangpinoy.com/embutido-meatloaf-with-tomato-and-basil-grilled-cheese-sandwich/
Chicken Pastel in a Cup,https://panlasangpinoy.com/chicken-pastel-in-a-cup/
Creamy Mais Maja Blanca,https://panlasangpinoy.com/creamy-mais-maja-blanca/
Corned Beef Fried Rice with Egg,https://panlasangpinoy.com/corned-beef-fried-rice-with-egg/
Pork Mechado Recipe,https://panlasangpinoy.com/pork-mechado-recipe/
Tuna Salad Over Crackers,https://panlasangpinoy.com/tuna-salad-over-crackers/
Tuna Jaw Sinigang,https://panlasangpinoy.com/tuna-jaw-sinigang/
Basic Pork Adobo Recipe,https://panlasangpinoy.com/basic-pork-adobo-recipe/
Dill Dip Recipe,https://panlasangpinoy.com/dill-dip-recipe/
Pork Embutido (Steamed Filipino Meatloaf),https://panlasangpinoy.com/pork-embutido-steamed-filipino-meatloaf/
Oat Bran Chocolate Chip Cookie,https://panlasangpinoy.com/oat-bran-chocolate-chip-cookie/
Pancit Luglug Recipe,https://panlasangpinoy.com/pancit-luglug-recipe/
Microwave Brownie in a Bowl,https://panlasangpinoy.com/microwave-brownie-in-a-bowl/
Pork Chop Sinigang,https://panlasangpinoy.com/pork-chop-sinigang/
Pork and Scallion Stir Fry Recipe,https://panlasangpinoy.com/pork-and-scallion-stir-fry-recipe/
Apple Cake Recipe,https://panlasangpinoy.com/apple-cake-recipe/
Paksiw na Lechon Manok,https://panlasangpinoy.com/paksiw-na-lechon-manok/
Chicken Afritada with Bell Pepper,https://panlasangpinoy.com/chicken-afritada-with-bell-pepper/
Bok Choy with Garlic and Oyster Sauce,https://panlasangpinoy.com/bok-choy-with-garlic-and-oyster-sauce/
Crispy Tenga Recipe (Crispy Pig Ears),https://panlasangpinoy.com/crispy-tenga-recipe-crispy-pig-ears/
Marinated Grilled Pork Chop,https://panlasangpinoy.com/marinated-grilled-pork-chop/
Chicken Potato Salad,https://panlasangpinoy.com/chicken-potato-salad/
Panlasang Pinoy Spaghetti,https://panlasangpinoy.com/panlasang-pinoy-spaghetti/
Royal Bibingka,https://panlasangpinoy.com/royal-bibingka/
Sinigang na Buntot ng Baboy with Gabi,https://panlasangpinoy.com/sinigang-na-buntot-ng-baboy-with-gabi/
Fiesta Menudo,https://panlasangpinoy.com/fiesta-menudo/
Lechon Manok Recipe,https://panlasangpinoy.com/lechon-manok-recipe/
Lechon Manok Sauce Recipe,https://panlasangpinoy.com/lechon-manok-sauce-recipe/
Misua with Patola and Meatballs,https://panlasangpinoy.com/misua-with-patola-and-meatballs/
Nilasing na Tilapia Recipe,https://panlasangpinoy.com/nilasing-na-tilapia-recipe/
Grilled Liver Bistek,https://panlasangpinoy.com/grilled-liver-bistek-steak/
Danggit Fried Rice,https://panlasangpinoy.com/danggit-fried-rice/
Fried Eggplant (Pritong Talong),https://panlasangpinoy.com/fried-eggplant-pritong-talong/
Crispy Bagbagis (Crispy Deep Fried Pork Intestine),https://panlasangpinoy.com/bagbagis-crispy-pork-intestine/
Pinakbet with Lechon Kawali,https://panlasangpinoy.com/pinakbet-with-lechon-kawali/
Tinumis Recipe,https://panlasangpinoy.com/tinumis-recipe/
Basic Chicken Afritada Recipe,https://panlasangpinoy.com/basic-chicken-afritada/
Dark Chocolate Banana Bread,https://panlasangpinoy.com/dark-chocolate-banana-bread/
Bistek Silog,https://panlasangpinoy.com/bistek-silog/
Tinolang Isda,https://panlasangpinoy.com/tinolang-isda/
Beef Kare-Kare Recipe,https://panlasangpinoy.com/beef-kare-kare-recipe/
Pork Cheeseburger,https://panlasangpinoy.com/pinoy-pork-cheeseburger/
Oven Baked Pork Chop Silog with Atchara,https://panlasangpinoy.com/oven-baked-pork-chop-silog-with-atchara/
Tinolang Tahong with Malunggay,https://panlasangpinoy.com/tinolang-tahong-with-malunggay/
Ginisang Tuna Recipe (Canned Albacore Tuna Sauteed with Onions),https://panlasangpinoy.com/ginisang-tuna-recipe-canned-albacore-tuna-sauteed-with-onions/
Inihaw na Pusit with Scallion,https://panlasangpinoy.com/inihaw-na-pusit-with-scallion/
Danggit Silog,https://panlasangpinoy.com/danggit-silog/
Pancit Cabagan Recipe,https://panlasangpinoy.com/pancit-cabagan-recipe/
Chopsuey with Quail Eggs,https://panlasangpinoy.com/chopsuey-with-quail-eggs/
Cansi Recipe (Ilonggo Bulalo and Sinigang in one Delicious Soup Dish),https://panlasangpinoy.com/cansi-recipe-ilonggo-bulalo-and-sinigang-in-one-delicious-soup-dish/
Boiled Okra and Eggplant with Bagoong Dipping Sauce,https://panlasangpinoy.com/boiled-okra-and-eggplant-with-bagoong-dipping-sauce/
Inihaw na Panga ng Tuna (Grilled Tuna Jaw),https://panlasangpinoy.com/inihaw-na-panga-ng-tuna-grilled-tuna-jaw/
Crawfish in Coconut Milk with Spinach,https://panlasangpinoy.com/crawfish-in-coconut-milk-with-spinach/
Sinigang na Bangus Belly sa Miso,https://panlasangpinoy.com/sinigang-na-bangus-belly-sa-miso/
Apan – Apan Recipe (Adobong Kangkong with Fried Pork),https://panlasangpinoy.com/apan-apan-recipe-adobong-kangkong-with-fried-pork/
Fresh Basil and Sun Dried Tomato Spaghetti Pasta,https://panlasangpinoy.com/fresh-basil-and-sun-dried-tomato-spaghetti-pasta/
Tulapho Recipe (Crispy Fried Pork),https://panlasangpinoy.com/tulapho-recipe-crispy-fried-pork/
Kinilaw na Tanigue Recipe (Fish Ceviche),https://panlasangpinoy.com/kinilaw-na-tanigue-recipe-fish-ceviche/
Deep Fried Breaded Pork Chops,https://panlasangpinoy.com/deep-fried-breaded-pork-chops/
Dinengdeng with Fried Fish Recipe,https://panlasangpinoy.com/dinengdeng-with-fried-fish-recipe/
Ginisang Munggo with Tinapa and Fried Red Snapper,https://panlasangpinoy.com/ginisang-munggo-with-tinapa-and-fried-red-snapper/
Seaweed Salad Recipe (Ensaladang Lato),https://panlasangpinoy.com/seaweed-salad-recipe-ensaladang-lato/
Kilawing Kambing Recipe (Chopped Goatskin Kilawin),https://panlasangpinoy.com/kilawing-kambing-recipe/
Tinapa Fried Rice (Smoked Fish Fried Rice),https://panlasangpinoy.com/tinapa-fried-rice-smoked-fish-fried-rice/
Sigarilyas Gising Gising Recipe,https://panlasangpinoy.com/sigarilyas-gising-gising-recipe/
Beef in Oyster Sauce Stir Fry with Ampalaya,https://panlasangpinoy.com/beef-in-oyster-sauce-stir-fry-with-ampalaya/
Lechon Carajay Recipe,https://panlasangpinoy.com/lechon-carajay-recipe/
Chili Crab with Snake Beans,https://panlasangpinoy.com/chili-crab-with-snake-beans/
Seafood Kare Kare Recipe,https://panlasangpinoy.com/seafood-kare-kare-recipe/
Crispy Nilasing na Hipon (Fried Shrimp Marinated in Wine),https://panlasangpinoy.com/cripsy-nilasing-na-hipon-fried-shrimp-marinated-wine/
Grilled St. Louis Style Ribs with Ensaladang Talong and Bagoong,https://panlasangpinoy.com/grilled-st-louis-style-ribs-with-ensaladang-talong-and-bagoong/
"Scrambled Eggs with Tomato, Onion, and Spinach",https://panlasangpinoy.com/scrambled-eggs-with-tomato-onion-and-spinach/
"Fried Daing na Bangus with Garlic Fried Rice, Fried Egg, and Pickled Papaya (Daing Silog)",https://panlasangpinoy.com/fried-daing-na-bangus-garlic-fried-rice-fried-egg-pickled-papaya-daing-silog/
Beef Batchoy with Liver and Bung,https://panlasangpinoy.com/beef-batchoy-with-liver-and-bung/
Pork Giniling Hardinera Recipe,https://panlasangpinoy.com/pork-giniling-hardinera-recipe/
How to Cook Tender Juicy Rib Eye Steak Using a Frying Pan,https://panlasangpinoy.com/how-to-cook-tender-juicy-rib-eye-steak-using-a-frying-pan/
Pancit Molo Recipe,https://panlasangpinoy.com/pancit-molo-recipe/
Ginisang Okra with Fish Flakes Recipe,https://panlasangpinoy.com/ginisang-okra-with-fish-flakes-recipe/
Grilled Filipino Sweet Sausage,https://panlasangpinoy.com/grilled-filipino-sweet-sausage/
How to Cook Lumpia,https://panlasangpinoy.com/how-to-cook-lumpia/
The Simplest Paksiw na Galunggong Recipe,https://panlasangpinoy.com/easy-simplest-paksiw-na-galunggong-recipe/
Excursion Chicken and Pork Adobo,https://panlasangpinoy.com/excursion-chicken-and-pork-adobo/
Pork Baby Back Ribs Nilaga Recipe,https://panlasangpinoy.com/pork-baby-back-ribs-nilaga-recipe/
How to Grill Liempo in the Oven,https://panlasangpinoy.com/how-to-grill-liempo-in-the-oven/
How to Cook Pancit Canton ala Corazon,https://panlasangpinoy.com/how-to-cook-pancit-canton-ala-corazon/
How to Cook Ginataang Langka with Tinapa Flakes,https://panlasangpinoy.com/how-to-cook-ginataang-langka-with-tinapa-flakes/
Classic Beef with Broccoli Recipe,https://panlasangpinoy.com/classic-beef-with-broccoli-recipe/
How to Make Cornbread for Beginners,https://panlasangpinoy.com/how-to-make-cornbread/
Inihaw na Isaw ng Baboy (BBQ Pork Intestine),https://panlasangpinoy.com/inihaw-na-isaw-ng-baboy/
Oven Roasted Pork Belly,https://panlasangpinoy.com/roasted-pork-belly/
Sinabawang Isda at Gulay,https://panlasangpinoy.com/sinabawang-isda-at-gulay/
Ginataang Yellow Fin Tuna,https://panlasangpinoy.com/ginataang-yellow-fin-tuna/
Adobong Baboy with Boiled Eggs,https://panlasangpinoy.com/adobong-baboy-with-boiled-egg/
Fruit Cocktail Float,https://panlasangpinoy.com/fruit-cocktail-float/
Slow Cook Pork Afritada,https://panlasangpinoy.com/slow-cook-pork-afritada/
Pinoy Beefsteak,https://panlasangpinoy.com/beefsteak/
Ginataang Mais at Monggo,https://panlasangpinoy.com/ginataang-mais-at-monggo-recipe/
Nilagang Litid ng Baka,https://panlasangpinoy.com/nilagang-litid-ng-baka/
Ground Beef Omelet,https://panlasangpinoy.com/ground-beef-omelet/
Tomato and Onion with Bagoong Isda,https://panlasangpinoy.com/chopped-tomato-onion-bagoong-isda/
Ginisang Gulay Recipe,https://panlasangpinoy.com/ginisang-gulay/
Creamy Baked Spaghetti,https://panlasangpinoy.com/creamy-baked-spaghetti/
How to Cook Papaya Atchara,https://panlasangpinoy.com/cook-papaya-atchara/
Tortang Talong with Crab Meat (Eggplant Omelet with Crab),https://panlasangpinoy.com/tortang-talong-crabmeat-eggplant-omelet-crab/
Utan Bisaya (Boiled Vegetables),https://panlasangpinoy.com/utan-bisaya/
Beef Teriyaki Tapa with Fried Rice and Egg,https://panlasangpinoy.com/beef-teriyaki-tapa-with-fried-rice-and-egg/
Daing na Bangus Recipe,https://panlasangpinoy.com/daing-na-bangus-fried-milkfish-marinated-in-vinegar/
Sinigang na Lapu lapu sa Miso,https://panlasangpinoy.com/sinigang-na-lapu-lapu-sa-miso/
Shrimp Avocado Salad Recipe,https://panlasangpinoy.com/shrimp-avocado-salad-recipe/
Kinamatisang Isda (Red Snapper with Tomato),https://panlasangpinoy.com/kinamatisang-isda-red-snapper-with-tomato/
Shrimp Alfredo Pasta with Scallops,https://panlasangpinoy.com/shrimp-alfredo-pasta-with-scallops/
Steamed Snow Crab Legs Recipe,https://panlasangpinoy.com/steamed-snow-crab-legs-recipe/
Lemon Garlic Butter Salmon Recipe,https://panlasangpinoy.com/lemon-garlic-butter-salmon-with-spring-salad-recipe/
Ginisang Kalabasa at Sitaw with Daing Recipe,https://panlasangpinoy.com/ginisang-kalabasa-at-sitaw-with-daing-recipe/
Adobong Pata (Ham Hock Adobo),https://panlasangpinoy.com/adobong-pata-ham-hock/
Asian BBQ Pork Baby Back Ribs,https://panlasangpinoy.com/asian-bbq-pork-baby-back-ribs/
Beer Marinated Grilled Chicken Breast Inasal,https://panlasangpinoy.com/grilled-chicken-breast-inasal/
Sirloin Beef Steak Tagalog,https://panlasangpinoy.com/sirloin-beef-steak-tagalog/
Ginataang Langka with Malunggay and Daing,https://panlasangpinoy.com/ginataang-langka-with-malunggay-and-daing/
Chicken Halang-halang Recipe,https://panlasangpinoy.com/chicken-halang-halang-recipe/
Simple Bibingkang Malagkit,https://panlasangpinoy.com/simple-bibingkang-malagkit/
How to Make Meatloaf,https://panlasangpinoy.com/how-to-make-meatloaf/
Steamed Lobster with Lemon Butter Sauce,https://panlasangpinoy.com/steamed-lobster-with-lemon-butter-sauce/
Paksiw na Pata with Pineapple,https://panlasangpinoy.com/paksiw-na-pata-with-pineapple/
Roasted Pork Belly (Lechon Liempo),https://panlasangpinoy.com/roasted-pork-belly-lechon/
Crown Roast of Lamb,https://panlasangpinoy.com/crown-roast-of-lamb/
Kielbasa Fried Rice,https://panlasangpinoy.com/kielbasa-fried-rice/
Beef Sinigang sa Kamias (Sinigang na Baka),https://panlasangpinoy.com/beef-sinigang-sa-kamias-with-gabi-beef-in-sour-broth-with-taro/
Lumpiang Gulay (Vegetable Egg Roll Recipe),https://panlasangpinoy.com/lumpiang-gulay-vegetable-egg-roll-recipe/
Inabraw Recipe (Boiled Vegetables with Fried Fish in Anchovy Sauce),https://panlasangpinoy.com/inabraw-recipe-boiled-vegetables-with-fried-fish/
Teriyaki Chicken Thighs,https://panlasangpinoy.com/teriyaki-chicken-thighs/
Turkey and Ham Sopas,https://panlasangpinoy.com/turkey-and-ham-sopas/
Tuna Sandwich Spread,https://panlasangpinoy.com/tuna-sandwich-spread/
"Sausage, Liver, and Pork Stew",https://panlasangpinoy.com/sausage-liver-and-pork-stew/
Spicy Chicken in Coconut Milk (Ginataang Manok),https://panlasangpinoy.com/spicy-chicken-in-coconut-milk-ginataang-manok/
Loaded Breakfast Potato,https://panlasangpinoy.com/loaded-breakfast-potato/
Pinoy Chicken Noodle Soup,https://panlasangpinoy.com/pinoy-chicken-noodle-soup/
Pork Ginataan with Squash and String Beans,https://panlasangpinoy.com/pork-ginataan-with-squash-and-string-beans/
Pork and Kangkong Guisado,https://panlasangpinoy.com/pork-and-kangkong-guisado/
Yellow Arroz Caldo Recipe,https://panlasangpinoy.com/yellow-arroz-caldo-recipe/
Beer and Cilantro Marinated Prawn,https://panlasangpinoy.com/beer-and-cilantro-marinated-prawn/
Pork Giniling Croquette Recipe,https://panlasangpinoy.com/pork-giniling-croquette-recipe/
Caramelized Butternut Squash,https://panlasangpinoy.com/caramelized-butternut-squash/
Squid Ball Pancit Canton Recipe (Chow Mein),https://panlasangpinoy.com/squid-ball-pancit-canton-recipe-chow-mein/
Breakfast Sausage Hash,https://panlasangpinoy.com/breakfast-sausage-hash/
Baked Garlic Milkfish,https://panlasangpinoy.com/baked-garlic-milkfish/
Ginisang Ampalaya with Shrimp (Sauteed Bitter Gourd),https://panlasangpinoy.com/ginisang-ampalaya-with-shrimp-sauteed-bitter-gourd/
Crispy Pata Sisig Recipe,https://panlasangpinoy.com/crispy-pata-sisig-recipe/
Simple Recipe for Chicken Noodle Soup,https://panlasangpinoy.com/simple-recipe-for-chicken-noodle-soup/
Sweet and Sour Pompano,https://panlasangpinoy.com/sweet-and-sour-pompano/
Apple Snails in Coconut Milk (Ginataang Kuhol),https://panlasangpinoy.com/apple-snails-in-coconut-milk-ginataang-kuhol/
Hashbrown Casserole,https://panlasangpinoy.com/hashbrown-casserole/
Huevos Rancheros,https://panlasangpinoy.com/huevos-rancheros/
Beef and Mushroom Braised Stew,https://panlasangpinoy.com/beef-and-mushroom-braised-stew/
Oven Baked Crispy Pata Recipe,https://panlasangpinoy.com/oven-baked-crispy-pata-recipe/
Sweet and Sour Chicken Nuggets,https://panlasangpinoy.com/sweet-and-sour-chicken-nuggets/
Crispy Baked Yukon Gold Potato Wedges,https://panlasangpinoy.com/crispy-baked-yukon-gold-potato-wedges/
Easy Sweet and Sour Sauce,https://panlasangpinoy.com/easy-sweet-and-sour-sauce/
Basil Pork Recipe,https://panlasangpinoy.com/basil-pork-recipe/
Pork BBQ Fried Rice,https://panlasangpinoy.com/pork-bbq-fried-rice/
Ground Pork Kaldereta Omelet,https://panlasangpinoy.com/ground-pork-kaldereta-omelet/
Pinoy Style Fried Chicken,https://panlasangpinoy.com/pinoy-style-fried-chicken/
Drunken Mussels Recipe,https://panlasangpinoy.com/drunken-mussels-recipe/
Pork Giniling Kaldereta Recipe,https://panlasangpinoy.com/pork-giniling-kaldereta-recipe/
Egg Sandwich Spread Recipe,https://panlasangpinoy.com/egg-sandwich-spread-recipe/
Dried Squid in Coconut Milk,https://panlasangpinoy.com/dried-squid-in-coconut-milk/
Oven Roasted BBQ Chicken Recipe,https://panlasangpinoy.com/oven-roasted-bbq-chicken-recipe/
No Eggs – Oatmeal Chocolate Chip Cookies,https://panlasangpinoy.com/oatmeal-chocolate-chip-cookies/
Pork and Potato Stew Recipe,https://panlasangpinoy.com/pork-and-potato-stew-recipe/
Bok Choy Guisado Recipe,https://panlasangpinoy.com/bok-choy-guisado-recipe/
Simple Applesauce Recipe,https://panlasangpinoy.com/simple-applesauce-recipe/
Asian Style Spare Ribs,https://panlasangpinoy.com/asian-style-spare-ribs/
Kale and Tuna Laing Recipe,https://panlasangpinoy.com/kale-and-tuna-laing-recipe/
Pork Nilaga with Kalabasa Recipe,https://panlasangpinoy.com/pork-nilaga-with-kalabasa-recipe/
Pinoy Fruit Salad Recipe,https://panlasangpinoy.com/pinoy-fruit-salad-recipe/
Fried Embutido Recipe,https://panlasangpinoy.com/fried-embutido-recipe/
Bagnet Recipe,https://panlasangpinoy.com/bagnet-recipe/
Skewered Filipino Pork BBQ,https://panlasangpinoy.com/filipino-skewered-pork-bbq/
Saging con Hielo Recipe,https://panlasangpinoy.com/saging-con-hielo-recipe/
Tuna Alfredo Casserole,https://panlasangpinoy.com/tuna-alfredo-casserole/
Easy Callos Recipe,https://panlasangpinoy.com/easy-callos-recipe/
Simple Lo Mein,https://panlasangpinoy.com/simple-lo-mein/
Grilled Stuffed Tilapia Recipe,https://panlasangpinoy.com/grilled-stuffed-tilapia-recipe/
Stuffed Eggplant,https://panlasangpinoy.com/stuffed-eggplant/
Simple Orange Chicken Tenders,https://panlasangpinoy.com/simple-orange-chicken-tenders/
Lo Mein with Beef and Broccoli,https://panlasangpinoy.com/lo-mein-with-beef-and-broccoli/
Sausage Macaroni Pasta,https://panlasangpinoy.com/sausage-macaroni-pasta/
Teriyaki Chicken Lettuce Wrap,https://panlasangpinoy.com/teriyaki-chicken-lettuce-wrap/
Simple Ube Halaya Recipe,https://panlasangpinoy.com/simple-ube-halaya-recipe/
Chicken Liver and Gizzard Adobo,https://panlasangpinoy.com/chicken-liver-and-gizzard-adobo/
Mongolian Beef,https://panlasangpinoy.com/mongolian-beef/
Dutch Oven Pork Stew Recipe,https://panlasangpinoy.com/dutch-oven-pork-stew-recipe/
Sweet Pepper Relyeno Recipe,https://panlasangpinoy.com/sweet-pepper-relyeno-recipe/
Simple Sun-Dried Tomato and Basil Spaghetti,https://panlasangpinoy.com/simple-sun-dried-tomato-and-basil-spaghetti/
Oriental Lomi Recipe,https://panlasangpinoy.com/oriental-lomi-recipe/
Simple Pancit Palabok Recipe,https://panlasangpinoy.com/simple-pancit-palabok-recipe/
Deviled Egg Recipe,https://panlasangpinoy.com/deviled-egg-recipe/
Grilled Liempo Sisig Recipe,https://panlasangpinoy.com/grilled-liempo-sisig-recipe/
Pork Adobo Paksiw with Jeprox and Shrimp Fried Rice,https://panlasangpinoy.com/pork-adobo-paksiw-with-jeprox-and-shrimp-fried-rice/
Ginataang Alimasag with Malunggay,https://panlasangpinoy.com/ginataang-alimasag-with-malunggay/
Crock Pot Pork Adobo,https://panlasangpinoy.com/crock-pot-pork-adobo/
Laing with Shrimp Recipe,https://panlasangpinoy.com/laing-with-shrimp-recipe/
Ensaladang Filipino Recipe,https://panlasangpinoy.com/ensaladang-filipino-recipe/
Grilled Pork Belly,https://panlasangpinoy.com/grilled-pork-belly/
Filipino Spaghetti Recipe,https://panlasangpinoy.com/filipino-style-spaghetti/
Meatball Adobo with Shrimp Fried Rice and Egg,https://panlasangpinoy.com/meatball-adobo-with-shrimp-fried-rice-and-egg/
Shrimp Pancit Canton Recipe,https://panlasangpinoy.com/shrimp-pancit-canton-recipe/
Crispy Fried Jeprox,https://panlasangpinoy.com/crispy-fried-jeprox/
Sinigang na Hipon sa Sampaloc,https://panlasangpinoy.com/sinigang-na-hipon-sa-sampaloc/
Beef Morcon Recipe,https://panlasangpinoy.com/beef-morcon-recipe/
Adobo Meatballs Recipe,https://panlasangpinoy.com/adobo-meatballs-recipe/
Crispy Tilapia Sticks Recipe,https://panlasangpinoy.com/crispy-tilapia-sticks-recipe/
Sinigang na Bangus sa Bayabas,https://panlasangpinoy.com/sinigang-na-bangus-sa-bayabas/
Shrimp Fried Rice Recipe,https://panlasangpinoy.com/shrimp-fried-rice-recipe/
Pork Adobo Paksiw Recipe,https://panlasangpinoy.com/pork-adobo-paksiw-recipe/
Slow Cooked Beef Lauya Soup Recipe,https://panlasangpinoy.com/slow-cooked-beef-lauya-soup-recipe/
Beef and Tripe Pochero Recipe,https://panlasangpinoy.com/beef-and-tripe-pochero-recipe/
How to Make a Hamburger,https://panlasangpinoy.com/how-to-make-a-hamburger/
Slow Cooked Beef Nilaga Soup Recipe,https://panlasangpinoy.com/slow-cooked-beef-nilaga-soup-recipe/
Slow Cook Pork Hock Stew,https://panlasangpinoy.com/slow-cook-pork-hock-stew/
Mahi-Mahi Paksiw Recipe,https://panlasangpinoy.com/mahi-mahi-paksiw-recipe/
Crispy Spam Steak Recipe,https://panlasangpinoy.com/crispy-spam-steak-recipe/
Misua and Meatball Soup,https://panlasangpinoy.com/misua-and-meatball-soup/
Salisbury Steak with Beef and Mushroom Gravy,https://panlasangpinoy.com/salisbury-steak-with-beef-and-mushroom-gravy/
Pork Adobo Flakes,https://panlasangpinoy.com/pork-adobo-flakes/
Pork Tapa with Fried Banana and Salted Egg,https://panlasangpinoy.com/pork-tapa-with-fried-banana-and-salted-egg/
Sirloin Tip Roast Recipe,https://panlasangpinoy.com/sirloin-tip-roast-recipe/
Roasted Pumpkin Seeds,https://panlasangpinoy.com/roasted-pumpkin-seeds/
Kung Pao Pork Recipe,https://panlasangpinoy.com/kung-pao-pork-recipe/
Scrambled Eggs with Sun Dried Tomato and Bacon,https://panlasangpinoy.com/scrambled-eggs-with-sun-dried-tomato-and-bacon/
Pork Chop Suey Recipe,https://panlasangpinoy.com/pork-chop-suey-recipe/
Special Pinoy Pork Chop Binalot Lunch Combo Meal Recipe,https://panlasangpinoy.com/special-pinoy-pork-chop-binalot-lunch-combo-meal-recipe/
Tokwa and Tuna Recipe,https://panlasangpinoy.com/tokwa-and-tuna-recipe/
Orange Glazed Pork Recipe,https://panlasangpinoy.com/orange-glazed-pork-recipe/
Basic Cedar Plank Salmon Recipe,https://panlasangpinoy.com/basic-cedar-plank-salmon-recipe/
Homemade Ranch Dressing Recipe,https://panlasangpinoy.com/homemade-ranch-dressing-recipe/
Sticky Asian Fried Chicken Wings,https://panlasangpinoy.com/sticky-asian-fried-chicken-wings/
Sarciadong Itlog Recipe,https://panlasangpinoy.com/sarciadong-itlog-recipe/
Party Fried Chicken,https://panlasangpinoy.com/party-fried-chicken/
Corn Soup with Mussels and Malunggay,https://panlasangpinoy.com/corn-soup-with-mussels-and-malunggay/
